371.93
<item>
<name>World War XXX Part One</name>
<thumb>http://i0.bzpics.com/scenes/8428/mem1.jpg</thumb>
<size>371.93</size>
</item>


602.25
<item>
<name>Sexual Activity</name>
<thumb>http://i2.bzpics.com/scenes/8480/mem1.jpg</thumb>
<size>602.25</size>
</item>


742.02
<item>
<name>All Tied Up</name>
<thumb>http://i2.bzpics.com/scenes/8398/mem1.jpg</thumb>
<size>742.02</size>
</item>


489.91
<item>
<name>A Schoolgirl's Fantasy</name>
<thumb>http://i3.bzpics.com/scenes/8450/mem1.jpg</thumb>
<size>489.91</size>
</item>


661.09
<item>
<name>Maddy Oreilly's Bikini Butt</name>
<thumb>http://i1.bzpics.com/scenes/8471/mem1.jpg</thumb>
<size>661.09</size>
</item>


449.86
<item>
<name>Frankenslut</name>
<thumb>http://i3.bzpics.com/scenes/8485/mem1.jpg</thumb>
<size>449.86</size>
</item>


552.29
<item>
<name>House-Sitting Whore</name>
<thumb>http://i2.bzpics.com/scenes/7713/mem1.jpg</thumb>
<size>552.29</size>
</item>


753.95
<item>
<name>Carter's Too Old For Trick or Treating</name>
<thumb>http://i2.bzpics.com/scenes/8414/mem1.jpg</thumb>
<size>753.95</size>
</item>


576.53
<item>
<name>Double Timing Wife Part Two</name>
<thumb>http://i1.bzpics.com/scenes/8451/mem1.jpg</thumb>
<size>576.53</size>
</item>


479.26
<item>
<name>Sweaty Titties Are Healthy Titties</name>
<thumb>http://i1.bzpics.com/scenes/8438/mem1.jpg</thumb>
<size>479.26</size>
</item>


434.05
<item>
<name>Bonding With My Dad's Girlfriend</name>
<thumb>http://i1.bzpics.com/scenes/8460/mem1.jpg</thumb>
<size>434.05</size>
</item>


534.46
<item>
<name>A Night at the Milfbury</name>
<thumb>http://i0.bzpics.com/scenes/7895/mem1.jpg</thumb>
<size>534.46</size>
</item>


387.91
<item>
<name>I Hired My Daughter's Boyfriend</name>
<thumb>http://i1.bzpics.com/scenes/8434/mem1.jpg</thumb>
<size>387.91</size>
</item>


483.78
<item>
<name>American Whore Story Part Three</name>
<thumb>http://i2.bzpics.com/scenes/8420/mem1.jpg</thumb>
<size>483.78</size>
</item>


559.77
<item>
<name>Squirt off 2014</name>
<thumb>http://i0.bzpics.com/scenes/8463/mem1.jpg</thumb>
<size>559.77</size>
</item>


533.03
<item>
<name>Your Mom's a Bitch</name>
<thumb>http://i2.bzpics.com/scenes/8150/mem1.jpg</thumb>
<size>533.03</size>
</item>


743.51
<item>
<name>How to Make a Tart</name>
<thumb>http://i1.bzpics.com/scenes/8205/mem1.jpg</thumb>
<size>743.51</size>
</item>


756.94
<item>
<name>Double the Milfs Double the Fun</name>
<thumb>http://i3.bzpics.com/scenes/8242/mem1.jpg</thumb>
<size>756.94</size>
</item>


539.75
<item>
<name>Say Hello to Mrs. Dahl</name>
<thumb>http://i1.bzpics.com/scenes/8309/mem1.jpg</thumb>
<size>539.75</size>
</item>


567.64
<item>
<name>My Stepmom the Control Freak</name>
<thumb>http://i1.bzpics.com/scenes/8319/mem1.jpg</thumb>
<size>567.64</size>
</item>


664.12
<item>
<name>Mia and the MILF</name>
<thumb>http://i1.bzpics.com/scenes/8328/mem1.jpg</thumb>
<size>664.12</size>
</item>


561.99
<item>
<name>Bone the Chaperone</name>
<thumb>http://i0.bzpics.com/scenes/8338/mem1.jpg</thumb>
<size>561.99</size>
</item>


897.39
<item>
<name>Let's Work It Out Together</name>
<thumb>http://i1.bzpics.com/scenes/8339/mem1.jpg</thumb>
<size>897.39</size>
</item>


637.49
<item>
<name>Don't Forget Your Lunch, Honey</name>
<thumb>http://i0.bzpics.com/scenes/8362/mem1.jpg</thumb>
<size>637.49</size>
</item>


718.60
<item>
<name>Shagging In The Shower</name>
<thumb>http://i3.bzpics.com/scenes/8374/mem1.jpg</thumb>
<size>718.60</size>
</item>


586.93
<item>
<name>Sneaky Mom</name>
<thumb>http://i2.bzpics.com/scenes/8407/mem1.jpg</thumb>
<size>586.93</size>
</item>


452.26
<item>
<name>Big Tits in the Field</name>
<thumb>http://i0.bzpics.com/scenes/8426/mem1.jpg</thumb>
<size>452.26</size>
</item>


450.02
<item>
<name>Hands-On Stepmom</name>
<thumb>http://i1.bzpics.com/scenes/8444/mem1.jpg</thumb>
<size>450.02</size>
</item>


607.27
<item>
<name>Kelsi Monroe's Juicy Booty</name>
<thumb>http://i3.bzpics.com/scenes/8458/mem1.jpg</thumb>
<size>607.27</size>
</item>


595.68
<item>
<name>Vlogging About Big Cocks</name>
<thumb>http://i2.bzpics.com/scenes/8441/mem1.jpg</thumb>
<size>595.68</size>
</item>


563.49
<item>
<name>Dirty Talk and Sexy Stockings</name>
<thumb>http://i2.bzpics.com/scenes/8477/mem1.jpg</thumb>
<size>563.49</size>
</item>


634.05
<item>
<name>American Whore Story Part Two</name>
<thumb>http://i0.bzpics.com/scenes/8419/mem1.jpg</thumb>
<size>634.05</size>
</item>


410.90
<item>
<name>Revenge Sex in the Shower</name>
<thumb>http://i3.bzpics.com/scenes/8447/mem1.jpg</thumb>
<size>410.90</size>
</item>


418.62
<item>
<name>Ava and the Slutty Schoolgirls</name>
<thumb>http://i3.bzpics.com/scenes/8251/mem1.jpg</thumb>
<size>418.62</size>
</item>


715.03
<item>
<name>Stay the Fuck Outta My Room</name>
<thumb>http://i1.bzpics.com/scenes/8432/mem1.jpg</thumb>
<size>715.03</size>
</item>


694.55
<item>
<name>Tits in Charge</name>
<thumb>http://i2.bzpics.com/scenes/8388/mem1.jpg</thumb>
<size>694.55</size>
</item>


471.90
<item>
<name>Police Carnality</name>
<thumb>http://i0.bzpics.com/scenes/8431/mem1.jpg</thumb>
<size>471.90</size>
</item>


528.22
<item>
<name>Busty Blonde's Ball Handling Lesson</name>
<thumb>http://i1.bzpics.com/scenes/8446/mem1.jpg</thumb>
<size>528.22</size>
</item>


763.13
<item>
<name>Face Down, Ass Up</name>
<thumb>http://i1.bzpics.com/scenes/8457/mem1.jpg</thumb>
<size>763.13</size>
</item>


447.08
<item>
<name>Super Tits</name>
<thumb>http://i1.bzpics.com/scenes/8323/mem1.jpg</thumb>
<size>447.08</size>
</item>


488.05
<item>
<name>The Book Report</name>
<thumb>http://i1.bzpics.com/scenes/8353/mem1.jpg</thumb>
<size>488.05</size>
</item>


744.93
<item>
<name>Masters of Fuck 2</name>
<thumb>http://i1.bzpics.com/scenes/8380/mem1.jpg</thumb>
<size>744.93</size>
</item>


678.24
<item>
<name>The Price of Anal</name>
<thumb>http://i0.bzpics.com/scenes/8389/mem1.jpg</thumb>
<size>678.24</size>
</item>


642.01
<item>
<name>Keisha's First Big Cock</name>
<thumb>http://i0.bzpics.com/scenes/8240/mem1.jpg</thumb>
<size>642.01</size>
</item>


738.04
<item>
<name>Lie DICKtector</name>
<thumb>http://i2.bzpics.com/scenes/8283/mem1.jpg</thumb>
<size>738.04</size>
</item>


569.96
<item>
<name>My Husband's Student - Part Two</name>
<thumb>http://i3.bzpics.com/scenes/8364/mem1.jpg</thumb>
<size>569.96</size>
</item>


663.91
<item>
<name>American Whore Story Part One</name>
<thumb>http://i3.bzpics.com/scenes/8418/mem1.jpg</thumb>
<size>663.91</size>
</item>


551.13
<item>
<name>Demon Dykes</name>
<thumb>http://i0.bzpics.com/scenes/8395/mem1.jpg</thumb>
<size>551.13</size>
</item>


493.38
<item>
<name>Romeo and Juliet's Boobs</name>
<thumb>http://i1.bzpics.com/scenes/8425/mem1.jpg</thumb>
<size>493.38</size>
</item>


530.18
<item>
<name>Behind Closed Doors With Julia Ann</name>
<thumb>http://i3.bzpics.com/scenes/8378/mem1.jpg</thumb>
<size>530.18</size>
</item>


578.08
<item>
<name>Aletta Ocean's Anal Negotiations</name>
<thumb>http://i3.bzpics.com/scenes/8385/mem1.jpg</thumb>
<size>578.08</size>
</item>


555.73
<item>
<name>Massaging Whitney Westgate</name>
<thumb>http://i3.bzpics.com/scenes/8440/mem1.jpg</thumb>
<size>555.73</size>
</item>


358.53
<item>
<name>Audrey Gets the Batter Up</name>
<thumb>http://i3.bzpics.com/scenes/8448/mem1.jpg</thumb>
<size>358.53</size>
</item>


787.60
<item>
<name>Double D-tention</name>
<thumb>http://i0.bzpics.com/scenes/8352/mem1.jpg</thumb>
<size>787.60</size>
</item>


586.68
<item>
<name>Mama Cum Home</name>
<thumb>http://i2.bzpics.com/scenes/8405/mem1.jpg</thumb>
<size>586.68</size>
</item>


587.18
<item>
<name>Alby's Tight Young Asshole</name>
<thumb>http://i3.bzpics.com/scenes/8367/mem1.jpg</thumb>
<size>587.18</size>
</item>


458.01
<item>
<name>Affair With A Doctor</name>
<thumb>http://i1.bzpics.com/scenes/8397/mem1.jpg</thumb>
<size>458.01</size>
</item>


436.02
<item>
<name>Going Behind Her BF's Back for Big Cock</name>
<thumb>http://i2.bzpics.com/scenes/8302/mem1.jpg</thumb>
<size>436.02</size>
</item>


558.07
<item>
<name>Upper Class Must Have It In The Ass</name>
<thumb>http://i3.bzpics.com/scenes/8416/mem1.jpg</thumb>
<size>558.07</size>
</item>


550.53
<item>
<name>Secret Wifeswap Weekend Part Two</name>
<thumb>http://i3.bzpics.com/scenes/8391/mem1.jpg</thumb>
<size>550.53</size>
</item>


769.26
<item>
<name>Goldmilf &amp; Ballsachs Incorporated</name>
<thumb>http://i3.bzpics.com/scenes/8410/mem1.jpg</thumb>
<size>769.26</size>
</item>


448.21
<item>
<name>My Husband's Student - Part One</name>
<thumb>http://i1.bzpics.com/scenes/8363/mem1.jpg</thumb>
<size>448.21</size>
</item>


612.25
<item>
<name>Banging a Couchsurfing Slut</name>
<thumb>http://i1.bzpics.com/scenes/8392/mem1.jpg</thumb>
<size>612.25</size>
</item>


435.07
<item>
<name>I'm The Boss Now</name>
<thumb>http://i2.bzpics.com/scenes/8415/mem1.jpg</thumb>
<size>435.07</size>
</item>


348.36
<item>
<name>Tasha Reign Gets Wet</name>
<thumb>http://i0.bzpics.com/scenes/8445/mem1.jpg</thumb>
<size>348.36</size>
</item>


543.22
<item>
<name>She Wanted a Chick Instead She Got Dick</name>
<thumb>http://i0.bzpics.com/scenes/8439/mem1.jpg</thumb>
<size>543.22</size>
</item>


475.87
<item>
<name>Once Upon a Time in Argentina</name>
<thumb>http://i1.bzpics.com/scenes/8443/mem1.jpg</thumb>
<size>475.87</size>
</item>


595.93
<item>
<name>Swipe Right For Big Tits</name>
<thumb>http://i0.bzpics.com/scenes/8384/mem1.jpg</thumb>
<size>595.93</size>
</item>


501.15
<item>
<name>I Wanna Be a Motherfucking Porn Star</name>
<thumb>http://i0.bzpics.com/scenes/8412/mem1.jpg</thumb>
<size>501.15</size>
</item>


499.34
<item>
<name>Pervy Deeds Done Dirt Cheap</name>
<thumb>http://i2.bzpics.com/scenes/8315/mem1.jpg</thumb>
<size>499.34</size>
</item>


474.72
<item>
<name>Bubble Bath Butt Fuck</name>
<thumb>http://i3.bzpics.com/scenes/8381/mem1.jpg</thumb>
<size>474.72</size>
</item>


814.95
<item>
<name>The Kinky Dungeon</name>
<thumb>http://i0.bzpics.com/scenes/8377/mem1.jpg</thumb>
<size>814.95</size>
</item>


681.95
<item>
<name>My GF's Niece Wants A Big Piece</name>
<thumb>http://i3.bzpics.com/scenes/8402/mem1.jpg</thumb>
<size>681.95</size>
</item>


617.14
<item>
<name>Spilling the Gardener's Seed</name>
<thumb>http://i1.bzpics.com/scenes/8327/mem1.jpg</thumb>
<size>617.14</size>
</item>


398.05
<item>
<name>My Parolee</name>
<thumb>http://i2.bzpics.com/scenes/8350/mem1.jpg</thumb>
<size>398.05</size>
</item>


475.50
<item>
<name>Sauna Submission</name>
<thumb>http://i2.bzpics.com/scenes/8305/mem1.jpg</thumb>
<size>475.50</size>
</item>


542.84
<item>
<name>How to Pick Up a Sleazebag</name>
<thumb>http://i2.bzpics.com/scenes/8355/mem1.jpg</thumb>
<size>542.84</size>
</item>


651.44
<item>
<name>The Whorin' Warden Returns</name>
<thumb>http://i0.bzpics.com/scenes/8282/mem1.jpg</thumb>
<size>651.44</size>
</item>


501.65
<item>
<name>All or Nothing</name>
<thumb>http://i3.bzpics.com/scenes/8424/mem1.jpg</thumb>
<size>501.65</size>
</item>


678.73
<item>
<name>Spanking Some Sense Into Her</name>
<thumb>http://i2.bzpics.com/scenes/8354/mem1.jpg</thumb>
<size>678.73</size>
</item>


478.75
<item>
<name>How to Stuff a Bird</name>
<thumb>http://i3.bzpics.com/scenes/8383/mem1.jpg</thumb>
<size>478.75</size>
</item>


445.81
<item>
<name>Stepmom Loves Morning Wood</name>
<thumb>http://i1.bzpics.com/scenes/8308/mem1.jpg</thumb>
<size>445.81</size>
</item>


661.48
<item>
<name>Wake Me Up Before You Cum Cum</name>
<thumb>http://i2.bzpics.com/scenes/8409/mem1.jpg</thumb>
<size>661.48</size>
</item>


617.32
<item>
<name>Home Alone and Down to Bone</name>
<thumb>http://i2.bzpics.com/scenes/8376/mem1.jpg</thumb>
<size>617.32</size>
</item>


464.12
<item>
<name>Kayla Wants Her Doctor's Goo</name>
<thumb>http://i3.bzpics.com/scenes/8417/mem1.jpg</thumb>
<size>464.12</size>
</item>


506.84
<item>
<name>Once in a Lifetime Fuckpass</name>
<thumb>http://i2.bzpics.com/scenes/8331/mem1.jpg</thumb>
<size>506.84</size>
</item>


418.85
<item>
<name>My Mom's Black Boyfriend</name>
<thumb>http://i1.bzpics.com/scenes/8379/mem1.jpg</thumb>
<size>418.85</size>
</item>


726.83
<item>
<name>The Gaped Crusader</name>
<thumb>http://i2.bzpics.com/scenes/8310/mem1.jpg</thumb>
<size>726.83</size>
</item>


511.67
<item>
<name>Foreign Fucking Exchange</name>
<thumb>http://i1.bzpics.com/scenes/8357/mem1.jpg</thumb>
<size>511.67</size>
</item>


409.08
<item>
<name>Mauling the Masseuse</name>
<thumb>http://i3.bzpics.com/scenes/8336/mem1.jpg</thumb>
<size>409.08</size>
</item>


556.37
<item>
<name>Confessions of a Nymphomaniac</name>
<thumb>http://i0.bzpics.com/scenes/8382/mem1.jpg</thumb>
<size>556.37</size>
</item>


626.57
<item>
<name>Chained to Her Desk</name>
<thumb>http://i3.bzpics.com/scenes/8332/mem1.jpg</thumb>
<size>626.57</size>
</item>


439.66
<item>
<name>Fucking on the Open Water: Part Three</name>
<thumb>http://i1.bzpics.com/scenes/8401/mem1.jpg</thumb>
<size>439.66</size>
</item>


529.06
<item>
<name>Campus Security</name>
<thumb>http://i2.bzpics.com/scenes/8275/mem1.jpg</thumb>
<size>529.06</size>
</item>


492.50
<item>
<name>Rub N Tug Revenge</name>
<thumb>http://i2.bzpics.com/scenes/8403/mem1.jpg</thumb>
<size>492.50</size>
</item>


503.00
<item>
<name>Sloppy Deepthroat Gets an A+</name>
<thumb>http://i1.bzpics.com/scenes/8324/mem1.jpg</thumb>
<size>503.00</size>
</item>


345.78
<item>
<name>All Roads Lead to Sex: Part Two</name>
<thumb>http://i0.bzpics.com/scenes/8342/mem1.jpg</thumb>
<size>345.78</size>
</item>


505.37
<item>
<name>This Pharmacist Can Fuck Off</name>
<thumb>http://i0.bzpics.com/scenes/8262/mem1.jpg</thumb>
<size>505.37</size>
</item>


465.90
<item>
<name>Double the Oil, Double the Ass</name>
<thumb>http://i1.bzpics.com/scenes/8369/mem1.jpg</thumb>
<size>465.90</size>
</item>


535.58
<item>
<name>The Best Way To Get Off</name>
<thumb>http://i1.bzpics.com/scenes/8320/mem1.jpg</thumb>
<size>535.58</size>
</item>


309.85
<item>
<name>All Roads Lead to Sex: Part One</name>
<thumb>http://i2.bzpics.com/scenes/8344/mem1.jpg</thumb>
<size>309.85</size>
</item>


375.05
<item>
<name>Crash and Bang</name>
<thumb>http://i3.bzpics.com/scenes/8286/mem1.jpg</thumb>
<size>375.05</size>
</item>


480.79
<item>
<name>MILF Makeover</name>
<thumb>http://i0.bzpics.com/scenes/8348/mem1.jpg</thumb>
<size>480.79</size>
</item>


502.01
<item>
<name>Sami's Plaything</name>
<thumb>http://i2.bzpics.com/scenes/8329/mem1.jpg</thumb>
<size>502.01</size>
</item>


447.51
<item>
<name>Wet And Ready</name>
<thumb>http://i1.bzpics.com/scenes/8346/mem1.jpg</thumb>
<size>447.51</size>
</item>


569.03
<item>
<name>Under The Desk</name>
<thumb>http://i1.bzpics.com/scenes/8280/mem1.jpg</thumb>
<size>569.03</size>
</item>


335.00
<item>
<name>Fucking on the Open Water: Part Two</name>
<thumb>http://i2.bzpics.com/scenes/8400/mem1.jpg</thumb>
<size>335.00</size>
</item>


414.04
<item>
<name>What Do You Do With A Horny Sailor?</name>
<thumb>http://i0.bzpics.com/scenes/8147/mem1.jpg</thumb>
<size>414.04</size>
</item>


819.60
<item>
<name>She Wants More Than a Massage</name>
<thumb>http://i1.bzpics.com/scenes/8393/mem1.jpg</thumb>
<size>819.60</size>
</item>


506.29
<item>
<name>College Camgirl</name>
<thumb>http://i3.bzpics.com/scenes/8325/mem1.jpg</thumb>
<size>506.29</size>
</item>


491.27
<item>
<name>Your Darling Stepmom</name>
<thumb>http://i1.bzpics.com/scenes/8371/mem1.jpg</thumb>
<size>491.27</size>
</item>


558.50
<item>
<name>I'm Horny - Call an Ambulance!</name>
<thumb>http://i1.bzpics.com/scenes/8235/mem1.jpg</thumb>
<size>558.50</size>
</item>


554.52
<item>
<name>Candice's Double Doggy Dare</name>
<thumb>http://i3.bzpics.com/scenes/8375/mem1.jpg</thumb>
<size>554.52</size>
</item>


472.71
<item>
<name>Gingers Have No Soul</name>
<thumb>http://i1.bzpics.com/scenes/8312/mem1.jpg</thumb>
<size>472.71</size>
</item>


408.39
<item>
<name>Amazon Warrior From Dimension XXX</name>
<thumb>http://i3.bzpics.com/scenes/8321/mem1.jpg</thumb>
<size>408.39</size>
</item>


611.92
<item>
<name>Sunbathing Milf's Big Cock DP</name>
<thumb>http://i2.bzpics.com/scenes/8349/mem1.jpg</thumb>
<size>611.92</size>
</item>


503.75
<item>
<name>Danny Vs Life: Part Two</name>
<thumb>http://i2.bzpics.com/scenes/8390/mem1.jpg</thumb>
<size>503.75</size>
</item>


391.75
<item>
<name>Suds and Milfs</name>
<thumb>http://i3.bzpics.com/scenes/8306/mem1.jpg</thumb>
<size>391.75</size>
</item>


614.14
<item>
<name>Get Her To The Girth</name>
<thumb>http://i1.bzpics.com/scenes/8365/mem1.jpg</thumb>
<size>614.14</size>
</item>


378.46
<item>
<name>Are Your Wife's Tits This Big?</name>
<thumb>http://i0.bzpics.com/scenes/8341/mem1.jpg</thumb>
<size>378.46</size>
</item>


494.97
<item>
<name>Fucking on the Open Water: Part One</name>
<thumb>http://i3.bzpics.com/scenes/8399/mem1.jpg</thumb>
<size>494.97</size>
</item>


600.49
<item>
<name>Camo All Over Her Tits</name>
<thumb>http://i0.bzpics.com/scenes/7214/mem1.jpg</thumb>
<size>600.49</size>
</item>


371.54
<item>
<name>Secret Wifeswap Weekend: Part One</name>
<thumb>http://i0.bzpics.com/scenes/8343/mem1.jpg</thumb>
<size>371.54</size>
</item>


594.28
<item>
<name>Back Of The Classroom</name>
<thumb>http://i2.bzpics.com/scenes/8356/mem1.jpg</thumb>
<size>594.28</size>
</item>


450.03
<item>
<name>My Stepmom Smokes Pole</name>
<thumb>http://i0.bzpics.com/scenes/8358/mem1.jpg</thumb>
<size>450.03</size>
</item>


500.75
<item>
<name>Inside Nutley's Asylum : Part Three</name>
<thumb>http://i3.bzpics.com/scenes/8127/mem1.jpg</thumb>
<size>500.75</size>
</item>


502.78
<item>
<name>Bella's Big Booty</name>
<thumb>http://i3.bzpics.com/scenes/8368/mem1.jpg</thumb>
<size>502.78</size>
</item>


578.35
<item>
<name>Fucking Party of the Year</name>
<thumb>http://i1.bzpics.com/scenes/8167/mem1.jpg</thumb>
<size>578.35</size>
</item>


497.83
<item>
<name>Stella Cox Gets Taken</name>
<thumb>http://i2.bzpics.com/scenes/8281/mem1.jpg</thumb>
<size>497.83</size>
</item>


694.52
<item>
<name>Make It Up To Me With A Threesome</name>
<thumb>http://i3.bzpics.com/scenes/8300/mem1.jpg</thumb>
<size>694.52</size>
</item>


492.54
<item>
<name>Rest In Big Cock Peace</name>
<thumb>http://i0.bzpics.com/scenes/8351/mem1.jpg</thumb>
<size>492.54</size>
</item>


431.45
<item>
<name>Lesbians in Lockdown</name>
<thumb>http://i0.bzpics.com/scenes/8226/mem1.jpg</thumb>
<size>431.45</size>
</item>


461.23
<item>
<name>Don't Fuck My Brother, Bitch!</name>
<thumb>http://i3.bzpics.com/scenes/8304/mem1.jpg</thumb>
<size>461.23</size>
</item>


424.97
<item>
<name>Supersize My Tits</name>
<thumb>http://i0.bzpics.com/scenes/8297/mem1.jpg</thumb>
<size>424.97</size>
</item>


588.52
<item>
<name>Whats Under The Hood</name>
<thumb>http://i3.bzpics.com/scenes/8372/mem1.jpg</thumb>
<size>588.52</size>
</item>


578.35
<item>
<name>A Slice of Big Ass Heaven</name>
<thumb>http://i3.bzpics.com/scenes/8366/mem1.jpg</thumb>
<size>578.35</size>
</item>


426.06
<item>
<name>Double Dribble on my Tits</name>
<thumb>http://i0.bzpics.com/scenes/8373/mem1.jpg</thumb>
<size>426.06</size>
</item>


481.57
<item>
<name>Closed for Repairs</name>
<thumb>http://i1.bzpics.com/scenes/8031/mem1.jpg</thumb>
<size>481.57</size>
</item>


561.85
<item>
<name>Spring Break Forever</name>
<thumb>http://i1.bzpics.com/scenes/8250/mem1.jpg</thumb>
<size>561.85</size>
</item>


458.59
<item>
<name>Nursing Nookie</name>
<thumb>http://i1.bzpics.com/scenes/8326/mem1.jpg</thumb>
<size>458.59</size>
</item>


547.62
<item>
<name>Anal For Anikka</name>
<thumb>http://i3.bzpics.com/scenes/8345/mem1.jpg</thumb>
<size>547.62</size>
</item>


495.52
<item>
<name>C'mere You Fuckin' Brat!</name>
<thumb>http://i0.bzpics.com/scenes/8301/mem1.jpg</thumb>
<size>495.52</size>
</item>


454.73
<item>
<name>Sovereign Blows the Party Big Time</name>
<thumb>http://i0.bzpics.com/scenes/8335/mem1.jpg</thumb>
<size>454.73</size>
</item>


637.39
<item>
<name>Downton Grabby</name>
<thumb>http://i2.bzpics.com/scenes/8132/mem1.jpg</thumb>
<size>637.39</size>
</item>


491.78
<item>
<name>He Can Never Find Out</name>
<thumb>http://i1.bzpics.com/scenes/8311/mem1.jpg</thumb>
<size>491.78</size>
</item>


616.09
<item>
<name>The Coolest Tits In Town</name>
<thumb>http://i0.bzpics.com/scenes/8296/mem1.jpg</thumb>
<size>616.09</size>
</item>


614.44
<item>
<name>Bitches Agree to Disagree</name>
<thumb>http://i1.bzpics.com/scenes/8307/mem1.jpg</thumb>
<size>614.44</size>
</item>


858.05
<item>
<name>Tittyfuck Airways</name>
<thumb>http://i0.bzpics.com/scenes/8024/mem1.jpg</thumb>
<size>858.05</size>
</item>


330.50
<item>
<name>Summertime Crush</name>
<thumb>http://i2.bzpics.com/scenes/8359/mem1.jpg</thumb>
<size>330.50</size>
</item>


351.50
<item>
<name>Fore Play</name>
<thumb>http://i3.bzpics.com/scenes/8340/mem1.jpg</thumb>
<size>351.50</size>
</item>


470.36
<item>
<name>Sex On Wheels</name>
<thumb>http://i2.bzpics.com/scenes/8361/mem1.jpg</thumb>
<size>470.36</size>
</item>


542.10
<item>
<name>This Is MY Sorority!</name>
<thumb>http://i2.bzpics.com/scenes/8316/mem1.jpg</thumb>
<size>542.10</size>
</item>


405.30
<item>
<name>Nocturnal Activities</name>
<thumb>http://i2.bzpics.com/scenes/8318/mem1.jpg</thumb>
<size>405.30</size>
</item>


464.43
<item>
<name>Study of the Male Gender</name>
<thumb>http://i3.bzpics.com/scenes/8293/mem1.jpg</thumb>
<size>464.43</size>
</item>


470.39
<item>
<name>Bubbles and Butts</name>
<thumb>http://i1.bzpics.com/scenes/8330/mem1.jpg</thumb>
<size>470.39</size>
</item>


358.75
<item>
<name>Baddest Girls Get the Biggest Dicks</name>
<thumb>http://i3.bzpics.com/scenes/8267/mem1.jpg</thumb>
<size>358.75</size>
</item>


605.05
<item>
<name>The Return of Jessica Jaymes</name>
<thumb>http://i0.bzpics.com/scenes/8299/mem1.jpg</thumb>
<size>605.05</size>
</item>


406.88
<item>
<name>An Agreement Gone Wrong</name>
<thumb>http://i2.bzpics.com/scenes/8291/mem1.jpg</thumb>
<size>406.88</size>
</item>


510.90
<item>
<name>Dare for a Big Dick</name>
<thumb>http://i1.bzpics.com/scenes/8298/mem1.jpg</thumb>
<size>510.90</size>
</item>


453.80
<item>
<name>Pool Fight</name>
<thumb>http://i0.bzpics.com/scenes/8292/mem1.jpg</thumb>
<size>453.80</size>
</item>


591.66
<item>
<name>Kayla Kayden is Dripping Wet</name>
<thumb>http://i0.bzpics.com/scenes/8347/mem1.jpg</thumb>
<size>591.66</size>
</item>


608.65
<item>
<name>Incognito Boss</name>
<thumb>http://i2.bzpics.com/scenes/8313/mem1.jpg</thumb>
<size>608.65</size>
</item>


472.19
<item>
<name>Fucking With Her Boss</name>
<thumb>http://i3.bzpics.com/scenes/8314/mem1.jpg</thumb>
<size>472.19</size>
</item>


566.70
<item>
<name>Wet Wild Cleaning Service</name>
<thumb>http://i1.bzpics.com/scenes/7977/mem1.jpg</thumb>
<size>566.70</size>
</item>


262.34
<item>
<name>Sexy Silhouette</name>
<thumb>http://i0.bzpics.com/scenes/8337/mem1.jpg</thumb>
<size>262.34</size>
</item>


487.77
<item>
<name>Cockaphrenia</name>
<thumb>http://i1.bzpics.com/scenes/8243/mem1.jpg</thumb>
<size>487.77</size>
</item>


489.34
<item>
<name>Mom Steals The Spotlight</name>
<thumb>http://i2.bzpics.com/scenes/8277/mem1.jpg</thumb>
<size>489.34</size>
</item>


565.35
<item>
<name>Always Think Happy Thoughts</name>
<thumb>http://i2.bzpics.com/scenes/8209/mem1.jpg</thumb>
<size>565.35</size>
</item>


633.62
<item>
<name>On The Pole</name>
<thumb>http://i3.bzpics.com/scenes/8333/mem1.jpg</thumb>
<size>633.62</size>
</item>


530.60
<item>
<name>Slip In That Big Tip</name>
<thumb>http://i1.bzpics.com/scenes/8253/mem1.jpg</thumb>
<size>530.60</size>
</item>


583.61
<item>
<name>A Day With Riley</name>
<thumb>http://i1.bzpics.com/scenes/8254/mem1.jpg</thumb>
<size>583.61</size>
</item>


440.75
<item>
<name>The Wedding Photographer</name>
<thumb>http://i1.bzpics.com/scenes/8239/mem1.jpg</thumb>
<size>440.75</size>
</item>


664.43
<item>
<name>Cock Easy Cooking With Sindy</name>
<thumb>http://i2.bzpics.com/scenes/8278/mem1.jpg</thumb>
<size>664.43</size>
</item>


468.06
<item>
<name>Selling The Sybian</name>
<thumb>http://i1.bzpics.com/scenes/8191/mem1.jpg</thumb>
<size>468.06</size>
</item>


462.08
<item>
<name>Come Home To Bone</name>
<thumb>http://i3.bzpics.com/scenes/8294/mem1.jpg</thumb>
<size>462.08</size>
</item>


527.96
<item>
<name>Sex Therapist</name>
<thumb>http://i1.bzpics.com/scenes/8138/mem1.jpg</thumb>
<size>527.96</size>
</item>


587.79
<item>
<name>Gymnasstics</name>
<thumb>http://i0.bzpics.com/scenes/8272/mem1.jpg</thumb>
<size>587.79</size>
</item>


481.02
<item>
<name>ZZ Maid Service</name>
<thumb>http://i1.bzpics.com/scenes/7905/mem1.jpg</thumb>
<size>481.02</size>
</item>


757.94
<item>
<name>Breanne's Number One Fan</name>
<thumb>http://i2.bzpics.com/scenes/8097/mem1.jpg</thumb>
<size>757.94</size>
</item>


533.25
<item>
<name>After School Tit Teasing Lessons</name>
<thumb>http://i2.bzpics.com/scenes/8155/mem1.jpg</thumb>
<size>533.25</size>
</item>


593.99
<item>
<name>Tits And Tulips</name>
<thumb>http://i0.bzpics.com/scenes/8276/mem1.jpg</thumb>
<size>593.99</size>
</item>


535.54
<item>
<name>Securing the Will</name>
<thumb>http://i0.bzpics.com/scenes/7990/mem1.jpg</thumb>
<size>535.54</size>
</item>


412.63
<item>
<name>Big Butt Slut in the Summer Sun</name>
<thumb>http://i3.bzpics.com/scenes/8317/mem1.jpg</thumb>
<size>412.63</size>
</item>


622.46
<item>
<name>You Blew My Job</name>
<thumb>http://i1.bzpics.com/scenes/8207/mem1.jpg</thumb>
<size>622.46</size>
</item>


700.32
<item>
<name>Persuading Lela</name>
<thumb>http://i1.bzpics.com/scenes/8266/mem1.jpg</thumb>
<size>700.32</size>
</item>


524.09
<item>
<name>Try Before You Buy</name>
<thumb>http://i2.bzpics.com/scenes/8257/mem1.jpg</thumb>
<size>524.09</size>
</item>


455.13
<item>
<name>Please Don't Fuck Him, Honey</name>
<thumb>http://i1.bzpics.com/scenes/8271/mem1.jpg</thumb>
<size>455.13</size>
</item>


650.71
<item>
<name>Don't Cross The Ex</name>
<thumb>http://i2.bzpics.com/scenes/8206/mem1.jpg</thumb>
<size>650.71</size>
</item>


1.17 GiB]']
<item>
<name>Big Boob Heaven Is A Place On Earth</name>
<thumb>http://i1.bzpics.com/scenes/8285/mem1.jpg</thumb>
<size>1.17 GiB]']</size>
</item>


488.32
<item>
<name>Parliamentary Pussy</name>
<thumb>http://i1.bzpics.com/scenes/8259/mem1.jpg</thumb>
<size>488.32</size>
</item>


645.73
<item>
<name>Stretching Them Out</name>
<thumb>http://i0.bzpics.com/scenes/8284/mem1.jpg</thumb>
<size>645.73</size>
</item>


577.62
<item>
<name>Big Tits in the Bighouse</name>
<thumb>http://i1.bzpics.com/scenes/7220/mem1.jpg</thumb>
<size>577.62</size>
</item>


522.39
<item>
<name>A Fuck In The Park</name>
<thumb>http://i2.bzpics.com/scenes/8322/mem1.jpg</thumb>
<size>522.39</size>
</item>


495.05
<item>
<name>Minivan Milf Muff</name>
<thumb>http://i3.bzpics.com/scenes/8158/mem1.jpg</thumb>
<size>495.05</size>
</item>


517.30
<item>
<name>Your Tits Have More Talent</name>
<thumb>http://i1.bzpics.com/scenes/8279/mem1.jpg</thumb>
<size>517.30</size>
</item>


440.22
<item>
<name>Garden Hoes</name>
<thumb>http://i3.bzpics.com/scenes/8245/mem1.jpg</thumb>
<size>440.22</size>
</item>


695.14
<item>
<name>Learning From Dr Milf</name>
<thumb>http://i1.bzpics.com/scenes/8260/mem1.jpg</thumb>
<size>695.14</size>
</item>


629.01
<item>
<name>Porno P.I. : Part Three</name>
<thumb>http://i2.bzpics.com/scenes/8125/mem1.jpg</thumb>
<size>629.01</size>
</item>


434.65
<item>
<name>Fast Ride to the Top</name>
<thumb>http://i3.bzpics.com/scenes/8161/mem1.jpg</thumb>
<size>434.65</size>
</item>


577.84
<item>
<name>Jailhouse Cock</name>
<thumb>http://i0.bzpics.com/scenes/8195/mem1.jpg</thumb>
<size>577.84</size>
</item>


627.08
<item>
<name>Trapped In The Sauna</name>
<thumb>http://i0.bzpics.com/scenes/8255/mem1.jpg</thumb>
<size>627.08</size>
</item>


383.56
<item>
<name>My Son's Girlfriend</name>
<thumb>http://i1.bzpics.com/scenes/8039/mem1.jpg</thumb>
<size>383.56</size>
</item>


396.53
<item>
<name>My Boyfriend Would Never Cheat On Me!</name>
<thumb>http://i0.bzpics.com/scenes/8295/mem1.jpg</thumb>
<size>396.53</size>
</item>


430.95
<item>
<name>A little Discipline for Phoenix</name>
<thumb>http://i3.bzpics.com/scenes/5617/mem1.jpg</thumb>
<size>430.95</size>
</item>


438.39
<item>
<name>Sucking Her Way Out of Expulsion</name>
<thumb>http://i3.bzpics.com/scenes/8264/mem1.jpg</thumb>
<size>438.39</size>
</item>


253.94
<item>
<name>You Wreck My Car, I Wreck Your Ass</name>
<thumb>http://i0.bzpics.com/scenes/8178/mem1.jpg</thumb>
<size>253.94</size>
</item>


533.09
<item>
<name>Gymnast Tits</name>
<thumb>http://i1.bzpics.com/scenes/8273/mem1.jpg</thumb>
<size>533.09</size>
</item>


589.73
<item>
<name>Ava Needs Her Alone Time</name>
<thumb>http://i0.bzpics.com/scenes/7960/mem1.jpg</thumb>
<size>589.73</size>
</item>


894.41
<item>
<name>Dreaming Boobies</name>
<thumb>http://i1.bzpics.com/scenes/8200/mem1.jpg</thumb>
<size>894.41</size>
</item>


597.56
<item>
<name>Spin Class With Extra Ass</name>
<thumb>http://i1.bzpics.com/scenes/8246/mem1.jpg</thumb>
<size>597.56</size>
</item>


446.66
<item>
<name>Take One Dick, Call Me In The Morning</name>
<thumb>http://i0.bzpics.com/scenes/8263/mem1.jpg</thumb>
<size>446.66</size>
</item>


594.44
<item>
<name>Don't Forget to Blow Your Server</name>
<thumb>http://i2.bzpics.com/scenes/8247/mem1.jpg</thumb>
<size>594.44</size>
</item>


598.24
<item>
<name>Fucking Mr Fix It</name>
<thumb>http://i2.bzpics.com/scenes/8249/mem1.jpg</thumb>
<size>598.24</size>
</item>


575.81
<item>
<name>All The Better To Fuck You With</name>
<thumb>http://i0.bzpics.com/scenes/8258/mem1.jpg</thumb>
<size>575.81</size>
</item>


453.06
<item>
<name>The Tramp</name>
<thumb>http://i3.bzpics.com/scenes/8270/mem1.jpg</thumb>
<size>453.06</size>
</item>


622.38
<item>
<name>Fucking Her Past Self</name>
<thumb>http://i3.bzpics.com/scenes/8171/mem1.jpg</thumb>
<size>622.38</size>
</item>


655.23
<item>
<name>Tickling the Ovaries</name>
<thumb>http://i1.bzpics.com/scenes/8236/mem1.jpg</thumb>
<size>655.23</size>
</item>


402.57
<item>
<name>Lesbians Learn to Love Cock</name>
<thumb>http://i0.bzpics.com/scenes/6552/mem1.jpg</thumb>
<size>402.57</size>
</item>


568.59
<item>
<name>My Fucking Boss</name>
<thumb>http://i2.bzpics.com/scenes/8175/mem1.jpg</thumb>
<size>568.59</size>
</item>


706.54
<item>
<name>My Pet Pornstar</name>
<thumb>http://i0.bzpics.com/scenes/8229/mem1.jpg</thumb>
<size>706.54</size>
</item>


516.04
<item>
<name>The Milking Massager</name>
<thumb>http://i3.bzpics.com/scenes/8252/mem1.jpg</thumb>
<size>516.04</size>
</item>


519.11
<item>
<name>Breaking a Promise to Pops</name>
<thumb>http://i2.bzpics.com/scenes/8231/mem1.jpg</thumb>
<size>519.11</size>
</item>


411.14
<item>
<name>Testing My Son In Law</name>
<thumb>http://i3.bzpics.com/scenes/8269/mem1.jpg</thumb>
<size>411.14</size>
</item>


585.66
<item>
<name>Naughty Vision During Incision</name>
<thumb>http://i2.bzpics.com/scenes/8192/mem1.jpg</thumb>
<size>585.66</size>
</item>


665.07
<item>
<name>Bayou Booty</name>
<thumb>http://i2.bzpics.com/scenes/8225/mem1.jpg</thumb>
<size>665.07</size>
</item>


586.64
<item>
<name>Hang Low</name>
<thumb>http://i1.bzpics.com/scenes/8087/mem1.jpg</thumb>
<size>586.64</size>
</item>


840.06
<item>
<name>Big Dick Vocal Coach</name>
<thumb>http://i3.bzpics.com/scenes/8220/mem1.jpg</thumb>
<size>840.06</size>
</item>


730.46
<item>
<name>Divorce Me Please</name>
<thumb>http://i2.bzpics.com/scenes/8169/mem1.jpg</thumb>
<size>730.46</size>
</item>


455.16
<item>
<name>Billable Hours</name>
<thumb>http://i1.bzpics.com/scenes/8233/mem1.jpg</thumb>
<size>455.16</size>
</item>


559.36
<item>
<name>Nailing the Nosy Neighbor</name>
<thumb>http://i3.bzpics.com/scenes/8214/mem1.jpg</thumb>
<size>559.36</size>
</item>


715.64
<item>
<name>The Fittest Fuck</name>
<thumb>http://i2.bzpics.com/scenes/8232/mem1.jpg</thumb>
<size>715.64</size>
</item>


485.34
<item>
<name>Mom's House, Mom's Rules</name>
<thumb>http://i3.bzpics.com/scenes/8230/mem1.jpg</thumb>
<size>485.34</size>
</item>


597.55
<item>
<name>Office Tease</name>
<thumb>http://i3.bzpics.com/scenes/8265/mem1.jpg</thumb>
<size>597.55</size>
</item>


760.97
<item>
<name>Complimentary Pussy Massage</name>
<thumb>http://i3.bzpics.com/scenes/8244/mem1.jpg</thumb>
<size>760.97</size>
</item>


536.76
<item>
<name>Rugby</name>
<thumb>http://i3.bzpics.com/scenes/8256/mem1.jpg</thumb>
<size>536.76</size>
</item>


780.68
<item>
<name>Prom Whore Wars : Part Three</name>
<thumb>http://i0.bzpics.com/scenes/8223/mem1.jpg</thumb>
<size>780.68</size>
</item>


555.91
<item>
<name>My Prom Milf</name>
<thumb>http://i2.bzpics.com/scenes/8238/mem1.jpg</thumb>
<size>555.91</size>
</item>


527.46
<item>
<name>Come On, You Want This</name>
<thumb>http://i0.bzpics.com/scenes/5683/mem1.jpg</thumb>
<size>527.46</size>
</item>


487.29
<item>
<name>Angry Milfs in the E.R.</name>
<thumb>http://i1.bzpics.com/scenes/8203/mem1.jpg</thumb>
<size>487.29</size>
</item>


446.21
<item>
<name>I Sure Hopes It Fits</name>
<thumb>http://i1.bzpics.com/scenes/8227/mem1.jpg</thumb>
<size>446.21</size>
</item>


622.19
<item>
<name>Till Cum Do Us Part</name>
<thumb>http://i0.bzpics.com/scenes/8241/mem1.jpg</thumb>
<size>622.19</size>
</item>


578.45
<item>
<name>Land of the Fucking Free</name>
<thumb>http://i2.bzpics.com/scenes/8204/mem1.jpg</thumb>
<size>578.45</size>
</item>


534.84
<item>
<name>Stars And Stripes And Sluts Forever</name>
<thumb>http://i2.bzpics.com/scenes/8237/mem1.jpg</thumb>
<size>534.84</size>
</item>


536.36
<item>
<name>Broadcasting Boobies</name>
<thumb>http://i0.bzpics.com/scenes/8001/mem1.jpg</thumb>
<size>536.36</size>
</item>


405.69
<item>
<name>Your New Wife, My New Plaything</name>
<thumb>http://i2.bzpics.com/scenes/8218/mem1.jpg</thumb>
<size>405.69</size>
</item>


457.89
<item>
<name>Take Three For The Team</name>
<thumb>http://i0.bzpics.com/scenes/8062/mem1.jpg</thumb>
<size>457.89</size>
</item>


688.60
<item>
<name>Porno P.I. : Part Two</name>
<thumb>http://i2.bzpics.com/scenes/8124/mem1.jpg</thumb>
<size>688.60</size>
</item>


0.94 GiB]']
<item>
<name>Rubdown Revenge</name>
<thumb>http://i0.bzpics.com/scenes/7268/mem1.jpg</thumb>
<size>0.94 GiB]']</size>
</item>


414.09
<item>
<name>Last Stop, Buttfuck Nowhere</name>
<thumb>http://i0.bzpics.com/scenes/7988/mem1.jpg</thumb>
<size>414.09</size>
</item>


846.57
<item>
<name>Pants Down, Perv!</name>
<thumb>http://i0.bzpics.com/scenes/8121/mem1.jpg</thumb>
<size>846.57</size>
</item>


619.48
<item>
<name>The Bagboy Bags Mom's Boobies</name>
<thumb>http://i3.bzpics.com/scenes/8219/mem1.jpg</thumb>
<size>619.48</size>
</item>


868.22
<item>
<name>Stretch My Ass</name>
<thumb>http://i1.bzpics.com/scenes/7972/mem1.jpg</thumb>
<size>868.22</size>
</item>


714.37
<item>
<name>Horny Hosts of Purgatory</name>
<thumb>http://i1.bzpics.com/scenes/8208/mem1.jpg</thumb>
<size>714.37</size>
</item>


417.30
<item>
<name>Kortney's Slutty Circuit Training</name>
<thumb>http://i2.bzpics.com/scenes/8144/mem1.jpg</thumb>
<size>417.30</size>
</item>


628.91
<item>
<name>Fire me or Fuck me</name>
<thumb>http://i2.bzpics.com/scenes/8188/mem1.jpg</thumb>
<size>628.91</size>
</item>


511.08
<item>
<name>The Whore of the Opera</name>
<thumb>http://i3.bzpics.com/scenes/8211/mem1.jpg</thumb>
<size>511.08</size>
</item>


712.74
<item>
<name>Babysitter Games</name>
<thumb>http://i1.bzpics.com/scenes/8228/mem1.jpg</thumb>
<size>712.74</size>
</item>


498.94
<item>
<name>Whoronation Street</name>
<thumb>http://i2.bzpics.com/scenes/8133/mem1.jpg</thumb>
<size>498.94</size>
</item>


801.80
<item>
<name>Pool Hall Pussy</name>
<thumb>http://i2.bzpics.com/scenes/8183/mem1.jpg</thumb>
<size>801.80</size>
</item>


295.48
<item>
<name>Banging the Boss's Bratty Daughter</name>
<thumb>http://i0.bzpics.com/scenes/8177/mem1.jpg</thumb>
<size>295.48</size>
</item>


499.49
<item>
<name>Erotic Interrogation</name>
<thumb>http://i1.bzpics.com/scenes/8212/mem1.jpg</thumb>
<size>499.49</size>
</item>


429.74
<item>
<name>Talk Show Trash Ho</name>
<thumb>http://i1.bzpics.com/scenes/5680/mem1.jpg</thumb>
<size>429.74</size>
</item>


527.15
<item>
<name>Filling In</name>
<thumb>http://i0.bzpics.com/scenes/7955/mem1.jpg</thumb>
<size>527.15</size>
</item>


428.67
<item>
<name>Stepmom In Control</name>
<thumb>http://i0.bzpics.com/scenes/8048/mem1.jpg</thumb>
<size>428.67</size>
</item>


453.98
<item>
<name>Prom Whore Wars : Part Two</name>
<thumb>http://i1.bzpics.com/scenes/8222/mem1.jpg</thumb>
<size>453.98</size>
</item>


851.35
<item>
<name>Ass Training</name>
<thumb>http://i2.bzpics.com/scenes/8224/mem1.jpg</thumb>
<size>851.35</size>
</item>


441.51
<item>
<name>Ditching a Date for Doctor Dick</name>
<thumb>http://i2.bzpics.com/scenes/8234/mem1.jpg</thumb>
<size>441.51</size>
</item>


752.22
<item>
<name>Vic Lagina's Birthday Bash</name>
<thumb>http://i3.bzpics.com/scenes/7756/mem1.jpg</thumb>
<size>752.22</size>
</item>


501.02
<item>
<name>Hot Fuck Sundae</name>
<thumb>http://i2.bzpics.com/scenes/8189/mem1.jpg</thumb>
<size>501.02</size>
</item>


518.34
<item>
<name>Cumming Clean</name>
<thumb>http://i1.bzpics.com/scenes/8185/mem1.jpg</thumb>
<size>518.34</size>
</item>


489.09
<item>
<name>Getting It Out Of Their Systems</name>
<thumb>http://i0.bzpics.com/scenes/8193/mem1.jpg</thumb>
<size>489.09</size>
</item>


633.98
<item>
<name>Scissoring In The Sauna</name>
<thumb>http://i2.bzpics.com/scenes/8100/mem1.jpg</thumb>
<size>633.98</size>
</item>


588.12
<item>
<name>Yeehaw My Asshole</name>
<thumb>http://i3.bzpics.com/scenes/8217/mem1.jpg</thumb>
<size>588.12</size>
</item>


456.61
<item>
<name>BZ 10th Anniversary BTS Interview</name>
<thumb>http://i2.bzpics.com/scenes/8248/mem1.jpg</thumb>
<size>456.61</size>
</item>


526.67
<item>
<name>Sensual, Sexual Jane</name>
<thumb>http://i0.bzpics.com/scenes/8061/mem1.jpg</thumb>
<size>526.67</size>
</item>


1.11 GiB]']
<item>
<name>Office 4-play VI</name>
<thumb>http://i0.bzpics.com/scenes/8181/mem1.jpg</thumb>
<size>1.11 GiB]']</size>
</item>


583.22
<item>
<name>Dirty Massage Instruction</name>
<thumb>http://i1.bzpics.com/scenes/7224/mem1.jpg</thumb>
<size>583.22</size>
</item>


816.72
<item>
<name>Casting Call for Big Butt Sluts</name>
<thumb>http://i1.bzpics.com/scenes/7982/mem1.jpg</thumb>
<size>816.72</size>
</item>


388.15
<item>
<name>Mom's In Hot Water</name>
<thumb>http://i2.bzpics.com/scenes/8196/mem1.jpg</thumb>
<size>388.15</size>
</item>


492.76
<item>
<name>22 Hump Street</name>
<thumb>http://i3.bzpics.com/scenes/8221/mem1.jpg</thumb>
<size>492.76</size>
</item>


574.36
<item>
<name>Where There Is Ass, There Is Hope</name>
<thumb>http://i0.bzpics.com/scenes/8184/mem1.jpg</thumb>
<size>574.36</size>
</item>


540.37
<item>
<name>Happy Stepdaddy Day</name>
<thumb>http://i3.bzpics.com/scenes/8197/mem1.jpg</thumb>
<size>540.37</size>
</item>


716.55
<item>
<name>The Doctor: Part Three</name>
<thumb>http://i0.bzpics.com/scenes/8136/mem1.jpg</thumb>
<size>716.55</size>
</item>


492.97
<item>
<name>The Yoga Babe VS the Voyeur</name>
<thumb>http://i0.bzpics.com/scenes/8190/mem1.jpg</thumb>
<size>492.97</size>
</item>


460.93
<item>
<name>Swingers</name>
<thumb>http://i2.bzpics.com/scenes/7917/mem1.jpg</thumb>
<size>460.93</size>
</item>


705.19
<item>
<name>Screwing the Stalker</name>
<thumb>http://i3.bzpics.com/scenes/8154/mem1.jpg</thumb>
<size>705.19</size>
</item>


344.97
<item>
<name>Cheer Harder, Slut</name>
<thumb>http://i3.bzpics.com/scenes/8019/mem1.jpg</thumb>
<size>344.97</size>
</item>


532.09
<item>
<name>World Cup UK Team Tits</name>
<thumb>http://i1.bzpics.com/scenes/8213/mem1.jpg</thumb>
<size>532.09</size>
</item>


445.97
<item>
<name>Perving Out on the Perv</name>
<thumb>http://i2.bzpics.com/scenes/7625/mem1.jpg</thumb>
<size>445.97</size>
</item>


684.56
<item>
<name>Let My Tits Make It Up To You</name>
<thumb>http://i3.bzpics.com/scenes/8182/mem1.jpg</thumb>
<size>684.56</size>
</item>


674.05
<item>
<name>Porno P.I. : Part One</name>
<thumb>http://i1.bzpics.com/scenes/8123/mem1.jpg</thumb>
<size>674.05</size>
</item>


645.86
<item>
<name>Next Whore Neighbor</name>
<thumb>http://i0.bzpics.com/scenes/8173/mem1.jpg</thumb>
<size>645.86</size>
</item>


659.12
<item>
<name>Quality Time</name>
<thumb>http://i0.bzpics.com/scenes/8170/mem1.jpg</thumb>
<size>659.12</size>
</item>


460.28
<item>
<name>A Stepmother's Touch</name>
<thumb>http://i0.bzpics.com/scenes/8202/mem1.jpg</thumb>
<size>460.28</size>
</item>


499.90
<item>
<name>Prom Whore Wars : Part One</name>
<thumb>http://i1.bzpics.com/scenes/8201/mem1.jpg</thumb>
<size>499.90</size>
</item>


658.70
<item>
<name>Ride That Ass</name>
<thumb>http://i1.bzpics.com/scenes/8216/mem1.jpg</thumb>
<size>658.70</size>
</item>


532.50
<item>
<name>Dr. Rotten's Erotic Experiments</name>
<thumb>http://i3.bzpics.com/scenes/8166/mem1.jpg</thumb>
<size>532.50</size>
</item>


847.30
<item>
<name>Spin The Dildo</name>
<thumb>http://i2.bzpics.com/scenes/8172/mem1.jpg</thumb>
<size>847.30</size>
</item>


481.40
<item>
<name>Dominate Me</name>
<thumb>http://i3.bzpics.com/scenes/8151/mem1.jpg</thumb>
<size>481.40</size>
</item>


747.58
<item>
<name>Foodtruck Fuck Fest</name>
<thumb>http://i0.bzpics.com/scenes/8160/mem1.jpg</thumb>
<size>747.58</size>
</item>


566.59
<item>
<name>The Beginning of the End</name>
<thumb>http://i2.bzpics.com/scenes/8105/mem1.jpg</thumb>
<size>566.59</size>
</item>


464.26
<item>
<name>Maximum Security MILF</name>
<thumb>http://i2.bzpics.com/scenes/8165/mem1.jpg</thumb>
<size>464.26</size>
</item>


552.54
<item>
<name>The Tourist Trap</name>
<thumb>http://i2.bzpics.com/scenes/8060/mem1.jpg</thumb>
<size>552.54</size>
</item>


629.53
<item>
<name>Klaudia Receives a Package</name>
<thumb>http://i0.bzpics.com/scenes/8119/mem1.jpg</thumb>
<size>629.53</size>
</item>


779.56
<item>
<name>DP Duty on Miss Monroe's Booty</name>
<thumb>http://i2.bzpics.com/scenes/7985/mem1.jpg</thumb>
<size>779.56</size>
</item>


545.89
<item>
<name>Massage Chair Muff</name>
<thumb>http://i1.bzpics.com/scenes/8102/mem1.jpg</thumb>
<size>545.89</size>
</item>


651.24
<item>
<name>The Boobs on the Bus Go Round</name>
<thumb>http://i1.bzpics.com/scenes/8156/mem1.jpg</thumb>
<size>651.24</size>
</item>


603.12
<item>
<name>A Mother Knows Best</name>
<thumb>http://i2.bzpics.com/scenes/8186/mem1.jpg</thumb>
<size>603.12</size>
</item>


613.86
<item>
<name>Orgasmtron 2000</name>
<thumb>http://i0.bzpics.com/scenes/8157/mem1.jpg</thumb>
<size>613.86</size>
</item>


533.09
<item>
<name>Fancy Ass Anal</name>
<thumb>http://i3.bzpics.com/scenes/8210/mem1.jpg</thumb>
<size>533.09</size>
</item>


486.05
<item>
<name>Fucking With Your Mind, Then Your Cock</name>
<thumb>http://i0.bzpics.com/scenes/7987/mem1.jpg</thumb>
<size>486.05</size>
</item>


567.96
<item>
<name>The Doctor: Part Two</name>
<thumb>http://i3.bzpics.com/scenes/8135/mem1.jpg</thumb>
<size>567.96</size>
</item>


514.71
<item>
<name>Freeze, Fucker!</name>
<thumb>http://i2.bzpics.com/scenes/8146/mem1.jpg</thumb>
<size>514.71</size>
</item>


589.40
<item>
<name>Ivy's Anal Addiction</name>
<thumb>http://i3.bzpics.com/scenes/8163/mem1.jpg</thumb>
<size>589.40</size>
</item>


596.43
<item>
<name>Babysitter Smut</name>
<thumb>http://i1.bzpics.com/scenes/8162/mem1.jpg</thumb>
<size>596.43</size>
</item>


540.75
<item>
<name>Boardwalk Boarding Boobies</name>
<thumb>http://i1.bzpics.com/scenes/8174/mem1.jpg</thumb>
<size>540.75</size>
</item>


766.88
<item>
<name>Payback is a Squirt!</name>
<thumb>http://i1.bzpics.com/scenes/8041/mem1.jpg</thumb>
<size>766.88</size>
</item>


554.59
<item>
<name>Big Cock Gaffe</name>
<thumb>http://i2.bzpics.com/scenes/8159/mem1.jpg</thumb>
<size>554.59</size>
</item>


646.47
<item>
<name>Corporate Rubdown</name>
<thumb>http://i1.bzpics.com/scenes/8000/mem1.jpg</thumb>
<size>646.47</size>
</item>


734.68
<item>
<name>She is Maid of Ass</name>
<thumb>http://i0.bzpics.com/scenes/8051/mem1.jpg</thumb>
<size>734.68</size>
</item>


555.66
<item>
<name>Vandalize My Tits</name>
<thumb>http://i3.bzpics.com/scenes/7167/mem1.jpg</thumb>
<size>555.66</size>
</item>


467.86
<item>
<name>But Wait, There's Whore</name>
<thumb>http://i2.bzpics.com/scenes/7926/mem1.jpg</thumb>
<size>467.86</size>
</item>


779.88
<item>
<name>Filthy Fuck : Part Two</name>
<thumb>http://i1.bzpics.com/scenes/7986/mem1.jpg</thumb>
<size>779.88</size>
</item>


542.98
<item>
<name>There's Something About Kerry</name>
<thumb>http://i2.bzpics.com/scenes/8130/mem1.jpg</thumb>
<size>542.98</size>
</item>


553.41
<item>
<name>Krysta's Big Cock Cravings</name>
<thumb>http://i3.bzpics.com/scenes/7659/mem1.jpg</thumb>
<size>553.41</size>
</item>


525.76
<item>
<name>Cock-Sticks</name>
<thumb>http://i2.bzpics.com/scenes/8139/mem1.jpg</thumb>
<size>525.76</size>
</item>


497.25
<item>
<name>Cockamania Runs Wild</name>
<thumb>http://i0.bzpics.com/scenes/8091/mem1.jpg</thumb>
<size>497.25</size>
</item>


555.49
<item>
<name>Anal Lessons : Part Two</name>
<thumb>http://i3.bzpics.com/scenes/8109/mem1.jpg</thumb>
<size>555.49</size>
</item>


539.81
<item>
<name>Amy Brooke Works the Pole</name>
<thumb>http://i0.bzpics.com/scenes/7158/mem1.jpg</thumb>
<size>539.81</size>
</item>


726.42
<item>
<name>Hot And Oily</name>
<thumb>http://i1.bzpics.com/scenes/8089/mem1.jpg</thumb>
<size>726.42</size>
</item>


717.38
<item>
<name>Caught at the Peephole</name>
<thumb>http://i2.bzpics.com/scenes/7637/mem1.jpg</thumb>
<size>717.38</size>
</item>


557.48
<item>
<name>Your Wife's a Bitch but I'm a Whore</name>
<thumb>http://i0.bzpics.com/scenes/8122/mem1.jpg</thumb>
<size>557.48</size>
</item>


441.57
<item>
<name>Full Service Room Service</name>
<thumb>http://i1.bzpics.com/scenes/7959/mem1.jpg</thumb>
<size>441.57</size>
</item>


617.28
<item>
<name>Lesbians Love Massages</name>
<thumb>http://i1.bzpics.com/scenes/8140/mem1.jpg</thumb>
<size>617.28</size>
</item>


512.54
<item>
<name>Sorority Slut Seduction</name>
<thumb>http://i1.bzpics.com/scenes/7572/mem1.jpg</thumb>
<size>512.54</size>
</item>


486.02
<item>
<name>Your MILF is the Best</name>
<thumb>http://i2.bzpics.com/scenes/7981/mem1.jpg</thumb>
<size>486.02</size>
</item>


645.36
<item>
<name>How To Consult A Perfect Ass</name>
<thumb>http://i0.bzpics.com/scenes/8101/mem1.jpg</thumb>
<size>645.36</size>
</item>


587.39
<item>
<name>Airtight in the Bathtub</name>
<thumb>http://i1.bzpics.com/scenes/8168/mem1.jpg</thumb>
<size>587.39</size>
</item>


499.77
<item>
<name>Vlogging and Flogging</name>
<thumb>http://i2.bzpics.com/scenes/8059/mem1.jpg</thumb>
<size>499.77</size>
</item>


549.29
<item>
<name>The Doctor: Part One</name>
<thumb>http://i0.bzpics.com/scenes/8134/mem1.jpg</thumb>
<size>549.29</size>
</item>


546.15
<item>
<name>Don't Cross The Maid</name>
<thumb>http://i3.bzpics.com/scenes/8096/mem1.jpg</thumb>
<size>546.15</size>
</item>


487.48
<item>
<name>Banging the Boss's Wife</name>
<thumb>http://i1.bzpics.com/scenes/8148/mem1.jpg</thumb>
<size>487.48</size>
</item>


561.51
<item>
<name>Nailed by the School Nurse</name>
<thumb>http://i1.bzpics.com/scenes/8106/mem1.jpg</thumb>
<size>561.51</size>
</item>


512.82
<item>
<name>Racks and Rifles</name>
<thumb>http://i3.bzpics.com/scenes/8152/mem1.jpg</thumb>
<size>512.82</size>
</item>


443.59
<item>
<name>Not Safe For Work</name>
<thumb>http://i0.bzpics.com/scenes/7339/mem1.jpg</thumb>
<size>443.59</size>
</item>


655.54
<item>
<name>Take a Seat</name>
<thumb>http://i0.bzpics.com/scenes/7984/mem1.jpg</thumb>
<size>655.54</size>
</item>


457.04
<item>
<name>Fuck Tennis</name>
<thumb>http://i0.bzpics.com/scenes/8033/mem1.jpg</thumb>
<size>457.04</size>
</item>


731.75
<item>
<name>Milf Massage</name>
<thumb>http://i0.bzpics.com/scenes/8149/mem1.jpg</thumb>
<size>731.75</size>
</item>


466.65
<item>
<name>Summer School Sex Ed</name>
<thumb>http://i2.bzpics.com/scenes/7166/mem1.jpg</thumb>
<size>466.65</size>
</item>


502.96
<item>
<name>Happy Milfs Day</name>
<thumb>http://i0.bzpics.com/scenes/8153/mem1.jpg</thumb>
<size>502.96</size>
</item>


524.14
<item>
<name>Masters of Fuck</name>
<thumb>http://i3.bzpics.com/scenes/8118/mem1.jpg</thumb>
<size>524.14</size>
</item>


554.45
<item>
<name>After Class Ass</name>
<thumb>http://i3.bzpics.com/scenes/8145/mem1.jpg</thumb>
<size>554.45</size>
</item>


441.49
<item>
<name>Real Ex-Wives Of Beverly Hills</name>
<thumb>http://i2.bzpics.com/scenes/7942/mem1.jpg</thumb>
<size>441.49</size>
</item>


540.03
<item>
<name>Big Cock for the Last Time</name>
<thumb>http://i3.bzpics.com/scenes/8063/mem1.jpg</thumb>
<size>540.03</size>
</item>


502.70
<item>
<name>You Better Not Fuck My Sis!</name>
<thumb>http://i3.bzpics.com/scenes/8099/mem1.jpg</thumb>
<size>502.70</size>
</item>


492.54
<item>
<name>The Great Outdoors</name>
<thumb>http://i2.bzpics.com/scenes/8129/mem1.jpg</thumb>
<size>492.54</size>
</item>


615.65
<item>
<name>Filthy Fuck : Part One</name>
<thumb>http://i2.bzpics.com/scenes/7936/mem1.jpg</thumb>
<size>615.65</size>
</item>


488.59
<item>
<name>From Angel to Rebel</name>
<thumb>http://i3.bzpics.com/scenes/8104/mem1.jpg</thumb>
<size>488.59</size>
</item>


558.16
<item>
<name>Yoga Lesson</name>
<thumb>http://i1.bzpics.com/scenes/8029/mem1.jpg</thumb>
<size>558.16</size>
</item>


434.24
<item>
<name>Political Titties</name>
<thumb>http://i1.bzpics.com/scenes/8143/mem1.jpg</thumb>
<size>434.24</size>
</item>


562.91
<item>
<name>School Sucks Balls</name>
<thumb>http://i2.bzpics.com/scenes/8070/mem1.jpg</thumb>
<size>562.91</size>
</item>


552.20
<item>
<name>Summer Lubin'</name>
<thumb>http://i1.bzpics.com/scenes/8095/mem1.jpg</thumb>
<size>552.20</size>
</item>


410.81
<item>
<name>MILF Science</name>
<thumb>http://i2.bzpics.com/scenes/8081/mem1.jpg</thumb>
<size>410.81</size>
</item>


583.86
<item>
<name>Cocko de Mayo</name>
<thumb>http://i3.bzpics.com/scenes/8103/mem1.jpg</thumb>
<size>583.86</size>
</item>


546.38
<item>
<name>Dr. Monroe's Hardcore Medicine</name>
<thumb>http://i2.bzpics.com/scenes/8046/mem1.jpg</thumb>
<size>546.38</size>
</item>


395.54
<item>
<name>Nurse Booty on Duty</name>
<thumb>http://i1.bzpics.com/scenes/8137/mem1.jpg</thumb>
<size>395.54</size>
</item>


834.63
<item>
<name>Shae Summers Wants It In Her, Big Time</name>
<thumb>http://i2.bzpics.com/scenes/7976/mem1.jpg</thumb>
<size>834.63</size>
</item>


724.66
<item>
<name>Pork Me 2 : The Next Day</name>
<thumb>http://i1.bzpics.com/scenes/8092/mem1.jpg</thumb>
<size>724.66</size>
</item>


557.81
<item>
<name>Conjugal Fuckin' Visit</name>
<thumb>http://i3.bzpics.com/scenes/8117/mem1.jpg</thumb>
<size>557.81</size>
</item>


566.98
<item>
<name>Anal Lessons From A Milf</name>
<thumb>http://i2.bzpics.com/scenes/8126/mem1.jpg</thumb>
<size>566.98</size>
</item>


378.61
<item>
<name>Battle of the Bitches</name>
<thumb>http://i1.bzpics.com/scenes/8111/mem1.jpg</thumb>
<size>378.61</size>
</item>


583.90
<item>
<name>Wash My Tits</name>
<thumb>http://i3.bzpics.com/scenes/8141/mem1.jpg</thumb>
<size>583.90</size>
</item>


463.24
<item>
<name>Golf Lesson</name>
<thumb>http://i3.bzpics.com/scenes/8030/mem1.jpg</thumb>
<size>463.24</size>
</item>


592.50
<item>
<name>Forbidden Fruit</name>
<thumb>http://i1.bzpics.com/scenes/8128/mem1.jpg</thumb>
<size>592.50</size>
</item>


594.13
<item>
<name>Four Hands to Jerk the Clerk</name>
<thumb>http://i3.bzpics.com/scenes/7644/mem1.jpg</thumb>
<size>594.13</size>
</item>


453.29
<item>
<name>My Stepmom the Cam Girl</name>
<thumb>http://i2.bzpics.com/scenes/8108/mem1.jpg</thumb>
<size>453.29</size>
</item>


608.78
<item>
<name>Final Exam Titty Cram</name>
<thumb>http://i2.bzpics.com/scenes/8120/mem1.jpg</thumb>
<size>608.78</size>
</item>


727.13
<item>
<name>Kiara's Oily Anal</name>
<thumb>http://i1.bzpics.com/scenes/8112/mem1.jpg</thumb>
<size>727.13</size>
</item>


445.36
<item>
<name>Nurse Carter</name>
<thumb>http://i3.bzpics.com/scenes/8131/mem1.jpg</thumb>
<size>445.36</size>
</item>


698.15
<item>
<name>Truth or Dare</name>
<thumb>http://i0.bzpics.com/scenes/7477/mem1.jpg</thumb>
<size>698.15</size>
</item>


481.03
<item>
<name>Fine, I'll Just Fuck My Stepdad!</name>
<thumb>http://i0.bzpics.com/scenes/8114/mem1.jpg</thumb>
<size>481.03</size>
</item>


471.29
<item>
<name>Pork Me</name>
<thumb>http://i1.bzpics.com/scenes/7994/mem1.jpg</thumb>
<size>471.29</size>
</item>


452.58
<item>
<name>No Ordinary Housewife</name>
<thumb>http://i1.bzpics.com/scenes/8056/mem1.jpg</thumb>
<size>452.58</size>
</item>


542.16
<item>
<name>You're Gonna Pay For That!</name>
<thumb>http://i0.bzpics.com/scenes/8016/mem1.jpg</thumb>
<size>542.16</size>
</item>


626.77
<item>
<name>Easter Egg Cunt</name>
<thumb>http://i0.bzpics.com/scenes/8026/mem1.jpg</thumb>
<size>626.77</size>
</item>


652.40
<item>
<name>Naughty Knots</name>
<thumb>http://i0.bzpics.com/scenes/7978/mem1.jpg</thumb>
<size>652.40</size>
</item>


475.34
<item>
<name>Love at First Fuck</name>
<thumb>http://i3.bzpics.com/scenes/8057/mem1.jpg</thumb>
<size>475.34</size>
</item>


494.02
<item>
<name>Where's My Wallet</name>
<thumb>http://i2.bzpics.com/scenes/8009/mem1.jpg</thumb>
<size>494.02</size>
</item>


485.44
<item>
<name>Fucking and Sucking Her Son's Roommate Clean</name>
<thumb>http://i2.bzpics.com/scenes/7989/mem1.jpg</thumb>
<size>485.44</size>
</item>


505.28
<item>
<name>Panty Raid</name>
<thumb>http://i3.bzpics.com/scenes/8107/mem1.jpg</thumb>
<size>505.28</size>
</item>


1.23 GiB]']
<item>
<name>Assfucking like Rabbits</name>
<thumb>http://i3.bzpics.com/scenes/8050/mem1.jpg</thumb>
<size>1.23 GiB]']</size>
</item>


577.54
<item>
<name>Ultimate Brazzers Fucking Championship</name>
<thumb>http://i0.bzpics.com/scenes/8077/mem1.jpg</thumb>
<size>577.54</size>
</item>


484.00
<item>
<name>Study, Suck, Fuck</name>
<thumb>http://i3.bzpics.com/scenes/8072/mem1.jpg</thumb>
<size>484.00</size>
</item>


465.63
<item>
<name>Blowing on the Skin Flute</name>
<thumb>http://i1.bzpics.com/scenes/8116/mem1.jpg</thumb>
<size>465.63</size>
</item>


596.40
<item>
<name>Fucking While We Wait</name>
<thumb>http://i2.bzpics.com/scenes/7400/mem1.jpg</thumb>
<size>596.40</size>
</item>


509.95
<item>
<name>The Goddess of Big Dick</name>
<thumb>http://i1.bzpics.com/scenes/7859/mem1.jpg</thumb>
<size>509.95</size>
</item>


645.65
<item>
<name>School Discipline : Part Two</name>
<thumb>http://i1.bzpics.com/scenes/7971/mem1.jpg</thumb>
<size>645.65</size>
</item>


555.76
<item>
<name>Born To Be Wylde</name>
<thumb>http://i3.bzpics.com/scenes/8002/mem1.jpg</thumb>
<size>555.76</size>
</item>


435.45
<item>
<name>Getting in With the Boss</name>
<thumb>http://i3.bzpics.com/scenes/7533/mem1.jpg</thumb>
<size>435.45</size>
</item>


785.52
<item>
<name>Painted, Scrubbed, Rubbed and Fucked</name>
<thumb>http://i0.bzpics.com/scenes/8079/mem1.jpg</thumb>
<size>785.52</size>
</item>


564.66
<item>
<name>Foreva a Fantasy</name>
<thumb>http://i2.bzpics.com/scenes/7992/mem1.jpg</thumb>
<size>564.66</size>
</item>


625.78
<item>
<name>I'll Be Your Blow-Up Doll</name>
<thumb>http://i0.bzpics.com/scenes/8073/mem1.jpg</thumb>
<size>625.78</size>
</item>


466.62
<item>
<name>Doctor's Orders</name>
<thumb>http://i3.bzpics.com/scenes/8047/mem1.jpg</thumb>
<size>466.62</size>
</item>


530.50
<item>
<name>Tight Jeans, Big Booty</name>
<thumb>http://i1.bzpics.com/scenes/8110/mem1.jpg</thumb>
<size>530.50</size>
</item>


1.17 GiB]']
<item>
<name>El Pelon de Brazzers aka Johnny Mexico</name>
<thumb>http://i1.bzpics.com/scenes/8094/mem1.jpg</thumb>
<size>1.17 GiB]']</size>
</item>


440.63
<item>
<name>Look Who's Cumming for Dinner</name>
<thumb>http://i3.bzpics.com/scenes/8115/mem1.jpg</thumb>
<size>440.63</size>
</item>


607.70
<item>
<name>The Trophy Wife</name>
<thumb>http://i1.bzpics.com/scenes/7627/mem1.jpg</thumb>
<size>607.70</size>
</item>


536.74
<item>
<name>Getting Lucky at the Casino</name>
<thumb>http://i3.bzpics.com/scenes/7993/mem1.jpg</thumb>
<size>536.74</size>
</item>


706.39
<item>
<name>Flexible, Fuckable, and Dripping Wet</name>
<thumb>http://i3.bzpics.com/scenes/8017/mem1.jpg</thumb>
<size>706.39</size>
</item>


671.21
<item>
<name>Anal Lessons : Part One</name>
<thumb>http://i0.bzpics.com/scenes/8088/mem1.jpg</thumb>
<size>671.21</size>
</item>


563.37
<item>
<name>Glorious Holes</name>
<thumb>http://i0.bzpics.com/scenes/7951/mem1.jpg</thumb>
<size>563.37</size>
</item>


394.46
<item>
<name>Sex Cab</name>
<thumb>http://i0.bzpics.com/scenes/8040/mem1.jpg</thumb>
<size>394.46</size>
</item>


711.73
<item>
<name>Watchin' the Game with Ashley</name>
<thumb>http://i2.bzpics.com/scenes/8021/mem1.jpg</thumb>
<size>711.73</size>
</item>


459.84
<item>
<name>Plagiarist Pussy</name>
<thumb>http://i0.bzpics.com/scenes/8069/mem1.jpg</thumb>
<size>459.84</size>
</item>


536.69
<item>
<name>Time 2 Meet The Mutherload</name>
<thumb>http://i0.bzpics.com/scenes/8074/mem1.jpg</thumb>
<size>536.69</size>
</item>


497.65
<item>
<name>Brazzers Health Care</name>
<thumb>http://i0.bzpics.com/scenes/7996/mem1.jpg</thumb>
<size>497.65</size>
</item>


808.67
<item>
<name>Junk in the Trunk</name>
<thumb>http://i2.bzpics.com/scenes/8093/mem1.jpg</thumb>
<size>808.67</size>
</item>


524.55
<item>
<name>Maleficunt</name>
<thumb>http://i3.bzpics.com/scenes/7991/mem1.jpg</thumb>
<size>524.55</size>
</item>


513.48
<item>
<name>Crime Pays in Pussy</name>
<thumb>http://i2.bzpics.com/scenes/8078/mem1.jpg</thumb>
<size>513.48</size>
</item>


482.18
<item>
<name>The Dominatrix</name>
<thumb>http://i3.bzpics.com/scenes/8067/mem1.jpg</thumb>
<size>482.18</size>
</item>


565.37
<item>
<name>Staircase Sex</name>
<thumb>http://i2.bzpics.com/scenes/8090/mem1.jpg</thumb>
<size>565.37</size>
</item>


541.92
<item>
<name>School Discipline : Part One</name>
<thumb>http://i2.bzpics.com/scenes/7968/mem1.jpg</thumb>
<size>541.92</size>
</item>


590.75
<item>
<name>Club Slut Payback</name>
<thumb>http://i0.bzpics.com/scenes/8068/mem1.jpg</thumb>
<size>590.75</size>
</item>


587.60
<item>
<name>Secretary Seduction</name>
<thumb>http://i0.bzpics.com/scenes/8066/mem1.jpg</thumb>
<size>587.60</size>
</item>


495.08
<item>
<name>Extra Squirticular Activities</name>
<thumb>http://i0.bzpics.com/scenes/8075/mem1.jpg</thumb>
<size>495.08</size>
</item>


671.59
<item>
<name>Can't Resist The Tits</name>
<thumb>http://i0.bzpics.com/scenes/8012/mem1.jpg</thumb>
<size>671.59</size>
</item>


665.57
<item>
<name>Body Stocking Rubdown</name>
<thumb>http://i2.bzpics.com/scenes/8055/mem1.jpg</thumb>
<size>665.57</size>
</item>


515.77
<item>
<name>Spy Hard 3: Hit Girl</name>
<thumb>http://i3.bzpics.com/scenes/8058/mem1.jpg</thumb>
<size>515.77</size>
</item>


534.71
<item>
<name>Put Under MILF Arrest</name>
<thumb>http://i0.bzpics.com/scenes/8071/mem1.jpg</thumb>
<size>534.71</size>
</item>


427.17
<item>
<name>Dr. Booty's Pusscriptions</name>
<thumb>http://i1.bzpics.com/scenes/8025/mem1.jpg</thumb>
<size>427.17</size>
</item>


451.92
<item>
<name>Rio Lee's Big British Booty</name>
<thumb>http://i2.bzpics.com/scenes/8098/mem1.jpg</thumb>
<size>451.92</size>
</item>


554.96
<item>
<name>Sucked Straight</name>
<thumb>http://i3.bzpics.com/scenes/8042/mem1.jpg</thumb>
<size>554.96</size>
</item>


546.77
<item>
<name>Phoenix Marie's Day Off</name>
<thumb>http://i1.bzpics.com/scenes/8082/mem1.jpg</thumb>
<size>546.77</size>
</item>


581.13
<item>
<name>Double Timing Wife</name>
<thumb>http://i3.bzpics.com/scenes/8036/mem1.jpg</thumb>
<size>581.13</size>
</item>


381.78
<item>
<name>I'll Teach You How To Fuck My Ex</name>
<thumb>http://i2.bzpics.com/scenes/8054/mem1.jpg</thumb>
<size>381.78</size>
</item>


362.86
<item>
<name>Alexis's Anal Revenge</name>
<thumb>http://i1.bzpics.com/scenes/7448/mem1.jpg</thumb>
<size>362.86</size>
</item>


406.67
<item>
<name>25 Cent Peep Show</name>
<thumb>http://i3.bzpics.com/scenes/7914/mem1.jpg</thumb>
<size>406.67</size>
</item>


565.39
<item>
<name>Peeping Nurse Learns a Lesson</name>
<thumb>http://i3.bzpics.com/scenes/7638/mem1.jpg</thumb>
<size>565.39</size>
</item>


485.26
<item>
<name>Good Cop, Slut Cop</name>
<thumb>http://i2.bzpics.com/scenes/8004/mem1.jpg</thumb>
<size>485.26</size>
</item>


640.04
<item>
<name>Massaging the Masseuse</name>
<thumb>http://i0.bzpics.com/scenes/8013/mem1.jpg</thumb>
<size>640.04</size>
</item>


476.74
<item>
<name>Co-Op Copulation</name>
<thumb>http://i2.bzpics.com/scenes/7904/mem1.jpg</thumb>
<size>476.74</size>
</item>


543.66
<item>
<name>An Italian Anatomy Lesson</name>
<thumb>http://i1.bzpics.com/scenes/8052/mem1.jpg</thumb>
<size>543.66</size>
</item>


596.48
<item>
<name>Fucking Doctors</name>
<thumb>http://i0.bzpics.com/scenes/7952/mem1.jpg</thumb>
<size>596.48</size>
</item>


554.19
<item>
<name>Fucking By The Fire</name>
<thumb>http://i0.bzpics.com/scenes/8065/mem1.jpg</thumb>
<size>554.19</size>
</item>


561.60
<item>
<name>Cytherea's Big Score</name>
<thumb>http://i0.bzpics.com/scenes/7561/mem1.jpg</thumb>
<size>561.60</size>
</item>


515.69
<item>
<name>Check My Ex's Ass</name>
<thumb>http://i1.bzpics.com/scenes/8064/mem1.jpg</thumb>
<size>515.69</size>
</item>


743.94
<item>
<name>A MILF Role Model</name>
<thumb>http://i1.bzpics.com/scenes/7879/mem1.jpg</thumb>
<size>743.94</size>
</item>


401.26
<item>
<name>Pussy Espanola</name>
<thumb>http://i0.bzpics.com/scenes/8008/mem1.jpg</thumb>
<size>401.26</size>
</item>


403.79
<item>
<name>Brooklyn's Big Icy Tits</name>
<thumb>http://i2.bzpics.com/scenes/7571/mem1.jpg</thumb>
<size>403.79</size>
</item>


636.81
<item>
<name>Role Play For Pussy</name>
<thumb>http://i1.bzpics.com/scenes/7913/mem1.jpg</thumb>
<size>636.81</size>
</item>


550.68
<item>
<name>Straight A Squirters</name>
<thumb>http://i0.bzpics.com/scenes/7979/mem1.jpg</thumb>
<size>550.68</size>
</item>


429.19
<item>
<name>The Whorin' Warden</name>
<thumb>http://i2.bzpics.com/scenes/8037/mem1.jpg</thumb>
<size>429.19</size>
</item>


630.29
<item>
<name>A Nut Draining Training</name>
<thumb>http://i3.bzpics.com/scenes/7958/mem1.jpg</thumb>
<size>630.29</size>
</item>


605.21
<item>
<name>The Art of Ass</name>
<thumb>http://i1.bzpics.com/scenes/7983/mem1.jpg</thumb>
<size>605.21</size>
</item>


580.91
<item>
<name>Kortney's College Sex Tape</name>
<thumb>http://i1.bzpics.com/scenes/7170/mem1.jpg</thumb>
<size>580.91</size>
</item>


477.95
<item>
<name>The Neighborhood Hussy</name>
<thumb>http://i0.bzpics.com/scenes/7617/mem1.jpg</thumb>
<size>477.95</size>
</item>


801.75
<item>
<name>Doctors without Bras</name>
<thumb>http://i2.bzpics.com/scenes/8038/mem1.jpg</thumb>
<size>801.75</size>
</item>


769.52
<item>
<name>Blacklight Booty</name>
<thumb>http://i0.bzpics.com/scenes/8044/mem1.jpg</thumb>
<size>769.52</size>
</item>


482.07
<item>
<name>Dueling For Pussy</name>
<thumb>http://i2.bzpics.com/scenes/7134/mem1.jpg</thumb>
<size>482.07</size>
</item>


531.84
<item>
<name>Curing Callie's Cock Cravings</name>
<thumb>http://i3.bzpics.com/scenes/8049/mem1.jpg</thumb>
<size>531.84</size>
</item>


489.43
<item>
<name>Madison Ivy Likes Her Meat</name>
<thumb>http://i0.bzpics.com/scenes/8020/mem1.jpg</thumb>
<size>489.43</size>
</item>


606.58
<item>
<name>Caught With a Cock</name>
<thumb>http://i3.bzpics.com/scenes/8034/mem1.jpg</thumb>
<size>606.58</size>
</item>


537.21
<item>
<name>Girl Fight!</name>
<thumb>http://i3.bzpics.com/scenes/8014/mem1.jpg</thumb>
<size>537.21</size>
</item>


544.15
<item>
<name>You Want Us to Clean Your Dick?</name>
<thumb>http://i1.bzpics.com/scenes/7616/mem1.jpg</thumb>
<size>544.15</size>
</item>


702.41
<item>
<name>Siri-ously Big Tits!</name>
<thumb>http://i2.bzpics.com/scenes/8011/mem1.jpg</thumb>
<size>702.41</size>
</item>


378.91
<item>
<name>The One Who Looks</name>
<thumb>http://i3.bzpics.com/scenes/8028/mem1.jpg</thumb>
<size>378.91</size>
</item>


476.59
<item>
<name>Joggin' Juggs</name>
<thumb>http://i2.bzpics.com/scenes/7938/mem1.jpg</thumb>
<size>476.59</size>
</item>


915.56
<item>
<name>Riley Reid's Big Black Cock Massage</name>
<thumb>http://i1.bzpics.com/scenes/8022/mem1.jpg</thumb>
<size>915.56</size>
</item>


467.97
<item>
<name>The Hard Sell</name>
<thumb>http://i2.bzpics.com/scenes/8007/mem1.jpg</thumb>
<size>467.97</size>
</item>


593.88
<item>
<name>Paying Back the Pervert</name>
<thumb>http://i0.bzpics.com/scenes/8010/mem1.jpg</thumb>
<size>593.88</size>
</item>


635.79
<item>
<name>Gimme That Dick!</name>
<thumb>http://i0.bzpics.com/scenes/7778/mem1.jpg</thumb>
<size>635.79</size>
</item>


721.77
<item>
<name>Blue Jeans, Tight Ass</name>
<thumb>http://i3.bzpics.com/scenes/8045/mem1.jpg</thumb>
<size>721.77</size>
</item>


514.61
<item>
<name>The Case of the Pearl Necklace</name>
<thumb>http://i1.bzpics.com/scenes/7480/mem1.jpg</thumb>
<size>514.61</size>
</item>


396.51
<item>
<name>Pool Goddess</name>
<thumb>http://i1.bzpics.com/scenes/8032/mem1.jpg</thumb>
<size>396.51</size>
</item>


649.97
<item>
<name>One Night in Swinger Heaven</name>
<thumb>http://i3.bzpics.com/scenes/7750/mem1.jpg</thumb>
<size>649.97</size>
</item>


467.90
<item>
<name>Stop Fuckin' My Stepdaughter!</name>
<thumb>http://i3.bzpics.com/scenes/7965/mem1.jpg</thumb>
<size>467.90</size>
</item>


488.08
<item>
<name>Professional Perv</name>
<thumb>http://i1.bzpics.com/scenes/7620/mem1.jpg</thumb>
<size>488.08</size>
</item>


592.24
<item>
<name>Posing the Pervert</name>
<thumb>http://i2.bzpics.com/scenes/7629/mem1.jpg</thumb>
<size>592.24</size>
</item>


553.02
<item>
<name>Spying on the Sorority</name>
<thumb>http://i0.bzpics.com/scenes/7636/mem1.jpg</thumb>
<size>553.02</size>
</item>


572.28
<item>
<name>Riding the Stable-Boy</name>
<thumb>http://i2.bzpics.com/scenes/7645/mem1.jpg</thumb>
<size>572.28</size>
</item>


551.03
<item>
<name>Party Down with the Puny Boy</name>
<thumb>http://i3.bzpics.com/scenes/7686/mem1.jpg</thumb>
<size>551.03</size>
</item>


399.49
<item>
<name>Pick Up Artist</name>
<thumb>http://i3.bzpics.com/scenes/8003/mem1.jpg</thumb>
<size>399.49</size>
</item>


797.12
<item>
<name>Cumming Out</name>
<thumb>http://i0.bzpics.com/scenes/8006/mem1.jpg</thumb>
<size>797.12</size>
</item>


578.80
<item>
<name>Show Me Who's Boss</name>
<thumb>http://i0.bzpics.com/scenes/7332/mem1.jpg</thumb>
<size>578.80</size>
</item>


501.02
<item>
<name>The Squirting Specialist</name>
<thumb>http://i1.bzpics.com/scenes/7961/mem1.jpg</thumb>
<size>501.02</size>
</item>


523.18
<item>
<name>Anal Superstar</name>
<thumb>http://i1.bzpics.com/scenes/7933/mem1.jpg</thumb>
<size>523.18</size>
</item>


607.91
<item>
<name>Oily Adultery</name>
<thumb>http://i1.bzpics.com/scenes/8005/mem1.jpg</thumb>
<size>607.91</size>
</item>


508.57
<item>
<name>Squeezing in a Quickie</name>
<thumb>http://i3.bzpics.com/scenes/7559/mem1.jpg</thumb>
<size>508.57</size>
</item>


667.96
<item>
<name>Are You Staring At Your Teacher's Tits</name>
<thumb>http://i2.bzpics.com/scenes/8018/mem1.jpg</thumb>
<size>667.96</size>
</item>


527.99
<item>
<name>Operation Last Chance</name>
<thumb>http://i1.bzpics.com/scenes/7832/mem1.jpg</thumb>
<size>527.99</size>
</item>


543.79
<item>
<name>Filthy Anal Fuckfest</name>
<thumb>http://i1.bzpics.com/scenes/7997/mem1.jpg</thumb>
<size>543.79</size>
</item>


889.24
<item>
<name>Brazzers Cuntathlon</name>
<thumb>http://i0.bzpics.com/scenes/8015/mem1.jpg</thumb>
<size>889.24</size>
</item>


559.60
<item>
<name>Keep Your Head Down While Giving Head</name>
<thumb>http://i1.bzpics.com/scenes/8043/mem1.jpg</thumb>
<size>559.60</size>
</item>


450.04
<item>
<name>Driving Dick Shift</name>
<thumb>http://i0.bzpics.com/scenes/7970/mem1.jpg</thumb>
<size>450.04</size>
</item>


487.05
<item>
<name>Mistress Moore And Her Manservant</name>
<thumb>http://i1.bzpics.com/scenes/7998/mem1.jpg</thumb>
<size>487.05</size>
</item>


644.50
<item>
<name>Boob Job Lube Job</name>
<thumb>http://i3.bzpics.com/scenes/7949/mem1.jpg</thumb>
<size>644.50</size>
</item>


633.07
<item>
<name>Putting That Pussy In Its Place!</name>
<thumb>http://i0.bzpics.com/scenes/7954/mem1.jpg</thumb>
<size>633.07</size>
</item>


506.62
<item>
<name>A Labor of Lust</name>
<thumb>http://i2.bzpics.com/scenes/7227/mem1.jpg</thumb>
<size>506.62</size>
</item>


463.20
<item>
<name>Simply The Chest</name>
<thumb>http://i1.bzpics.com/scenes/7932/mem1.jpg</thumb>
<size>463.20</size>
</item>


657.50
<item>
<name>The ZZ Special</name>
<thumb>http://i2.bzpics.com/scenes/7966/mem1.jpg</thumb>
<size>657.50</size>
</item>


510.31
<item>
<name>Hot Yoga</name>
<thumb>http://i2.bzpics.com/scenes/7957/mem1.jpg</thumb>
<size>510.31</size>
</item>


517.57
<item>
<name>The Sub</name>
<thumb>http://i1.bzpics.com/scenes/7995/mem1.jpg</thumb>
<size>517.57</size>
</item>


454.04
<item>
<name>Coma On My Tits</name>
<thumb>http://i2.bzpics.com/scenes/7964/mem1.jpg</thumb>
<size>454.04</size>
</item>


575.52
<item>
<name>Triassathlon</name>
<thumb>http://i0.bzpics.com/scenes/7974/mem1.jpg</thumb>
<size>575.52</size>
</item>


350.12
<item>
<name>America's Other Pastime: Pounding Pussy!</name>
<thumb>http://i2.bzpics.com/scenes/6976/mem1.jpg</thumb>
<size>350.12</size>
</item>


546.11
<item>
<name>Angelina Valentine VS Danny the Diva</name>
<thumb>http://i3.bzpics.com/scenes/7512/mem1.jpg</thumb>
<size>546.11</size>
</item>


419.28
<item>
<name>The Whore That Cheated Death</name>
<thumb>http://i2.bzpics.com/scenes/7929/mem1.jpg</thumb>
<size>419.28</size>
</item>


648.51
<item>
<name>Nailing the Part</name>
<thumb>http://i0.bzpics.com/scenes/7953/mem1.jpg</thumb>
<size>648.51</size>
</item>


565.90
<item>
<name>Little Finger, Big Cock</name>
<thumb>http://i2.bzpics.com/scenes/7803/mem1.jpg</thumb>
<size>565.90</size>
</item>


450.54
<item>
<name>Sneaking In</name>
<thumb>http://i3.bzpics.com/scenes/7910/mem1.jpg</thumb>
<size>450.54</size>
</item>


584.31
<item>
<name>Sensual Harassment</name>
<thumb>http://i2.bzpics.com/scenes/7918/mem1.jpg</thumb>
<size>584.31</size>
</item>


595.18
<item>
<name>Squirt Workout</name>
<thumb>http://i1.bzpics.com/scenes/7962/mem1.jpg</thumb>
<size>595.18</size>
</item>


619.28
<item>
<name>Don't Be Shy</name>
<thumb>http://i2.bzpics.com/scenes/7963/mem1.jpg</thumb>
<size>619.28</size>
</item>


493.42
<item>
<name>Personal Pussy Trainer</name>
<thumb>http://i1.bzpics.com/scenes/7999/mem1.jpg</thumb>
<size>493.42</size>
</item>


727.04
<item>
<name>Itchin' for a Petition</name>
<thumb>http://i1.bzpics.com/scenes/7921/mem1.jpg</thumb>
<size>727.04</size>
</item>


538.51
<item>
<name>French Exam</name>
<thumb>http://i2.bzpics.com/scenes/7934/mem1.jpg</thumb>
<size>538.51</size>
</item>


565.69
<item>
<name>Healing Touch</name>
<thumb>http://i2.bzpics.com/scenes/7924/mem1.jpg</thumb>
<size>565.69</size>
</item>


586.58
<item>
<name>At Home Booty</name>
<thumb>http://i0.bzpics.com/scenes/7973/mem1.jpg</thumb>
<size>586.58</size>
</item>


547.87
<item>
<name>Getting Dirty In The Shower</name>
<thumb>http://i0.bzpics.com/scenes/7501/mem1.jpg</thumb>
<size>547.87</size>
</item>


578.62
<item>
<name>St Valentine's Day Assacre</name>
<thumb>http://i3.bzpics.com/scenes/7909/mem1.jpg</thumb>
<size>578.62</size>
</item>


426.10
<item>
<name>Isis Found a Part Time Job</name>
<thumb>http://i0.bzpics.com/scenes/7875/mem1.jpg</thumb>
<size>426.10</size>
</item>


549.67
<item>
<name>No Country For Cock Hungry MILFs</name>
<thumb>http://i3.bzpics.com/scenes/7944/mem1.jpg</thumb>
<size>549.67</size>
</item>


443.91
<item>
<name>Brooklyn Blue's Facial Fantasy</name>
<thumb>http://i3.bzpics.com/scenes/7498/mem1.jpg</thumb>
<size>443.91</size>
</item>


373.18
<item>
<name>Take This Slut For a Spin</name>
<thumb>http://i2.bzpics.com/scenes/7912/mem1.jpg</thumb>
<size>373.18</size>
</item>


521.93
<item>
<name>Be My Fucking Valentine!</name>
<thumb>http://i1.bzpics.com/scenes/7099/mem1.jpg</thumb>
<size>521.93</size>
</item>


511.11
<item>
<name>Roommates</name>
<thumb>http://i0.bzpics.com/scenes/7980/mem1.jpg</thumb>
<size>511.11</size>
</item>


547.14
<item>
<name>Full Busty Jacket</name>
<thumb>http://i0.bzpics.com/scenes/7885/mem1.jpg</thumb>
<size>547.14</size>
</item>


479.62
<item>
<name>White Yoga Pants</name>
<thumb>http://i0.bzpics.com/scenes/7940/mem1.jpg</thumb>
<size>479.62</size>
</item>


537.63
<item>
<name>Stepmom Knows Best</name>
<thumb>http://i1.bzpics.com/scenes/7946/mem1.jpg</thumb>
<size>537.63</size>
</item>


681.29
<item>
<name>Valentine's Day Anal</name>
<thumb>http://i1.bzpics.com/scenes/7947/mem1.jpg</thumb>
<size>681.29</size>
</item>


408.55
<item>
<name>Doctor's Orders</name>
<thumb>http://i1.bzpics.com/scenes/7821/mem1.jpg</thumb>
<size>408.55</size>
</item>


506.95
<item>
<name>Double Penetrating Belgian Booty</name>
<thumb>http://i1.bzpics.com/scenes/7967/mem1.jpg</thumb>
<size>506.95</size>
</item>


487.64
<item>
<name>The Whore &amp;amp; The Big Dick</name>
<thumb>http://i0.bzpics.com/scenes/7899/mem1.jpg</thumb>
<size>487.64</size>
</item>


555.59
<item>
<name>Smalltown Girl, Big Cock Mentality</name>
<thumb>http://i3.bzpics.com/scenes/7969/mem1.jpg</thumb>
<size>555.59</size>
</item>


515.15
<item>
<name>How To Destroy a Marriage : Part Two</name>
<thumb>http://i0.bzpics.com/scenes/7883/mem1.jpg</thumb>
<size>515.15</size>
</item>


639.34
<item>
<name>In Search Of Big Tits</name>
<thumb>http://i0.bzpics.com/scenes/7922/mem1.jpg</thumb>
<size>639.34</size>
</item>


483.35
<item>
<name>All About The Tits</name>
<thumb>http://i0.bzpics.com/scenes/7937/mem1.jpg</thumb>
<size>483.35</size>
</item>


572.17
<item>
<name>The Connor O'Banyon Show</name>
<thumb>http://i1.bzpics.com/scenes/7939/mem1.jpg</thumb>
<size>572.17</size>
</item>


473.89
<item>
<name>Diamond Is A Cock's Best Friend</name>
<thumb>http://i0.bzpics.com/scenes/7794/mem1.jpg</thumb>
<size>473.89</size>
</item>


470.55
<item>
<name>Getting The Boss's Attention</name>
<thumb>http://i1.bzpics.com/scenes/7925/mem1.jpg</thumb>
<size>470.55</size>
</item>


505.93
<item>
<name>Caught Red Handed</name>
<thumb>http://i2.bzpics.com/scenes/7870/mem1.jpg</thumb>
<size>505.93</size>
</item>


622.49
<item>
<name>Slutty Sitter</name>
<thumb>http://i2.bzpics.com/scenes/7941/mem1.jpg</thumb>
<size>622.49</size>
</item>


572.54
<item>
<name>Extra Soapy Busty Asian MILF</name>
<thumb>http://i1.bzpics.com/scenes/7911/mem1.jpg</thumb>
<size>572.54</size>
</item>


815.09
<item>
<name>After School Titty Special</name>
<thumb>http://i2.bzpics.com/scenes/7927/mem1.jpg</thumb>
<size>815.09</size>
</item>


567.24
<item>
<name>Oral Fixation</name>
<thumb>http://i1.bzpics.com/scenes/7833/mem1.jpg</thumb>
<size>567.24</size>
</item>


686.73
<item>
<name>Halftime Titty Hump</name>
<thumb>http://i3.bzpics.com/scenes/7950/mem1.jpg</thumb>
<size>686.73</size>
</item>


333.84
<item>
<name>He Talked Me Into It</name>
<thumb>http://i3.bzpics.com/scenes/7881/mem1.jpg</thumb>
<size>333.84</size>
</item>


490.86
<item>
<name>Fuck My Ass Or Fuck Off</name>
<thumb>http://i2.bzpics.com/scenes/7943/mem1.jpg</thumb>
<size>490.86</size>
</item>


481.81
<item>
<name>How To Destroy A Marriage : Part One</name>
<thumb>http://i0.bzpics.com/scenes/7882/mem1.jpg</thumb>
<size>481.81</size>
</item>


602.35
<item>
<name>My Stepmom's Booty</name>
<thumb>http://i1.bzpics.com/scenes/7901/mem1.jpg</thumb>
<size>602.35</size>
</item>


478.52
<item>
<name>All-Natural Euro Fuck Doll</name>
<thumb>http://i3.bzpics.com/scenes/7886/mem1.jpg</thumb>
<size>478.52</size>
</item>


557.73
<item>
<name>Cell Mates</name>
<thumb>http://i1.bzpics.com/scenes/7887/mem1.jpg</thumb>
<size>557.73</size>
</item>


539.72
<item>
<name>The Princess Of Squirt</name>
<thumb>http://i3.bzpics.com/scenes/7823/mem1.jpg</thumb>
<size>539.72</size>
</item>


448.58
<item>
<name>Cooking With Kendall</name>
<thumb>http://i0.bzpics.com/scenes/7930/mem1.jpg</thumb>
<size>448.58</size>
</item>


777.57
<item>
<name>Multi Orgasmic Massage</name>
<thumb>http://i1.bzpics.com/scenes/7908/mem1.jpg</thumb>
<size>777.57</size>
</item>


699.23
<item>
<name>Soapy Soccer</name>
<thumb>http://i2.bzpics.com/scenes/7935/mem1.jpg</thumb>
<size>699.23</size>
</item>


760.13
<item>
<name>School Sucks and So Do My Teachers</name>
<thumb>http://i3.bzpics.com/scenes/7916/mem1.jpg</thumb>
<size>760.13</size>
</item>


665.97
<item>
<name>Unexpected Hot Date</name>
<thumb>http://i2.bzpics.com/scenes/7920/mem1.jpg</thumb>
<size>665.97</size>
</item>


708.23
<item>
<name>Madison Makes It Bounce</name>
<thumb>http://i1.bzpics.com/scenes/7897/mem1.jpg</thumb>
<size>708.23</size>
</item>


585.99
<item>
<name>Ski Hill Slut Emergency</name>
<thumb>http://i2.bzpics.com/scenes/7915/mem1.jpg</thumb>
<size>585.99</size>
</item>


517.49
<item>
<name>Anal Apology</name>
<thumb>http://i0.bzpics.com/scenes/7583/mem1.jpg</thumb>
<size>517.49</size>
</item>


401.13
<item>
<name>Grounded</name>
<thumb>http://i3.bzpics.com/scenes/7931/mem1.jpg</thumb>
<size>401.13</size>
</item>


567.06
<item>
<name>My Sister-In-Law Is A Whore!</name>
<thumb>http://i0.bzpics.com/scenes/7815/mem1.jpg</thumb>
<size>567.06</size>
</item>


366.11
<item>
<name>Fuck My Wife</name>
<thumb>http://i3.bzpics.com/scenes/7845/mem1.jpg</thumb>
<size>366.11</size>
</item>


528.26
<item>
<name>Fuck Away The Writer's Block</name>
<thumb>http://i2.bzpics.com/scenes/7746/mem1.jpg</thumb>
<size>528.26</size>
</item>


603.08
<item>
<name>Working That Pussy Out</name>
<thumb>http://i2.bzpics.com/scenes/7807/mem1.jpg</thumb>
<size>603.08</size>
</item>


361.49
<item>
<name>Occult Office</name>
<thumb>http://i1.bzpics.com/scenes/7705/mem1.jpg</thumb>
<size>361.49</size>
</item>


759.40
<item>
<name>Circus Squirtus</name>
<thumb>http://i1.bzpics.com/scenes/7906/mem1.jpg</thumb>
<size>759.40</size>
</item>


457.53
<item>
<name>Maid For Fucking</name>
<thumb>http://i2.bzpics.com/scenes/7760/mem1.jpg</thumb>
<size>457.53</size>
</item>


581.53
<item>
<name>Big Cock In The Back Pocket</name>
<thumb>http://i3.bzpics.com/scenes/7844/mem1.jpg</thumb>
<size>581.53</size>
</item>


564.39
<item>
<name>The Number 5 With A Side Of Cock, Please</name>
<thumb>http://i2.bzpics.com/scenes/7891/mem1.jpg</thumb>
<size>564.39</size>
</item>


431.86
<item>
<name>Learning the Hard Way</name>
<thumb>http://i2.bzpics.com/scenes/7893/mem1.jpg</thumb>
<size>431.86</size>
</item>


499.43
<item>
<name>Spanish Doll DP</name>
<thumb>http://i3.bzpics.com/scenes/7763/mem1.jpg</thumb>
<size>499.43</size>
</item>


474.96
<item>
<name>Dr. D And The Double D Nurse</name>
<thumb>http://i0.bzpics.com/scenes/7779/mem1.jpg</thumb>
<size>474.96</size>
</item>


668.54
<item>
<name>Pleasure Before Business</name>
<thumb>http://i1.bzpics.com/scenes/7621/mem1.jpg</thumb>
<size>668.54</size>
</item>


612.83
<item>
<name>Step Sister's First Cock</name>
<thumb>http://i0.bzpics.com/scenes/7919/mem1.jpg</thumb>
<size>612.83</size>
</item>


575.00
<item>
<name>I Spy With My Little Eye One Huge Cock</name>
<thumb>http://i3.bzpics.com/scenes/7876/mem1.jpg</thumb>
<size>575.00</size>
</item>


521.26
<item>
<name>Home Invasion</name>
<thumb>http://i0.bzpics.com/scenes/7890/mem1.jpg</thumb>
<size>521.26</size>
</item>


648.28
<item>
<name>Working Stiff</name>
<thumb>http://i1.bzpics.com/scenes/7740/mem1.jpg</thumb>
<size>648.28</size>
</item>


537.86
<item>
<name>Studying Wet Pussy</name>
<thumb>http://i2.bzpics.com/scenes/7818/mem1.jpg</thumb>
<size>537.86</size>
</item>


389.30
<item>
<name>Hunting For Cocks At The Glory Hole</name>
<thumb>http://i1.bzpics.com/scenes/7041/mem1.jpg</thumb>
<size>389.30</size>
</item>


551.02
<item>
<name>Wettest Woman in Porn</name>
<thumb>http://i3.bzpics.com/scenes/7903/mem1.jpg</thumb>
<size>551.02</size>
</item>


631.44
<item>
<name>Take This Dick and Shut Up</name>
<thumb>http://i1.bzpics.com/scenes/7896/mem1.jpg</thumb>
<size>631.44</size>
</item>


622.97
<item>
<name>Big Butt Shelter</name>
<thumb>http://i3.bzpics.com/scenes/7898/mem1.jpg</thumb>
<size>622.97</size>
</item>


533.29
<item>
<name>Taking The D To Get An A</name>
<thumb>http://i0.bzpics.com/scenes/7706/mem1.jpg</thumb>
<size>533.29</size>
</item>


463.53
<item>
<name>Crazy Soccer MILF</name>
<thumb>http://i0.bzpics.com/scenes/7894/mem1.jpg</thumb>
<size>463.53</size>
</item>


537.18
<item>
<name>Lights, Camera, Deepthroat!</name>
<thumb>http://i2.bzpics.com/scenes/7857/mem1.jpg</thumb>
<size>537.18</size>
</item>


603.82
<item>
<name>All Natural Latina Ass</name>
<thumb>http://i2.bzpics.com/scenes/7902/mem1.jpg</thumb>
<size>603.82</size>
</item>


507.57
<item>
<name>Brooklyn's Backstage Bang</name>
<thumb>http://i2.bzpics.com/scenes/7874/mem1.jpg</thumb>
<size>507.57</size>
</item>


378.98
<item>
<name>Protecting The Stepsister</name>
<thumb>http://i2.bzpics.com/scenes/7878/mem1.jpg</thumb>
<size>378.98</size>
</item>


549.48
<item>
<name>Here Cums The Bride</name>
<thumb>http://i1.bzpics.com/scenes/7781/mem1.jpg</thumb>
<size>549.48</size>
</item>


515.48
<item>
<name>Romi's Early Wedding Gift</name>
<thumb>http://i3.bzpics.com/scenes/7880/mem1.jpg</thumb>
<size>515.48</size>
</item>


349.08
<item>
<name>Banging with the Best</name>
<thumb>http://i3.bzpics.com/scenes/7786/mem1.jpg</thumb>
<size>349.08</size>
</item>


407.17
<item>
<name>Cooling Off With A Hot Fuck</name>
<thumb>http://i3.bzpics.com/scenes/7877/mem1.jpg</thumb>
<size>407.17</size>
</item>


645.66
<item>
<name>Squirt Factor</name>
<thumb>http://i3.bzpics.com/scenes/7811/mem1.jpg</thumb>
<size>645.66</size>
</item>


511.66
<item>
<name>Who Ya Gonna Call? Porn Busters!</name>
<thumb>http://i1.bzpics.com/scenes/7889/mem1.jpg</thumb>
<size>511.66</size>
</item>


599.02
<item>
<name>Titty Tape</name>
<thumb>http://i0.bzpics.com/scenes/7710/mem1.jpg</thumb>
<size>599.02</size>
</item>


539.20
<item>
<name>Five Star Anal</name>
<thumb>http://i0.bzpics.com/scenes/7843/mem1.jpg</thumb>
<size>539.20</size>
</item>


655.06
<item>
<name>Balls Deep In The Deep End</name>
<thumb>http://i1.bzpics.com/scenes/7606/mem1.jpg</thumb>
<size>655.06</size>
</item>


569.46
<item>
<name>Those Who Suck Get All The Glory</name>
<thumb>http://i0.bzpics.com/scenes/7768/mem1.jpg</thumb>
<size>569.46</size>
</item>


702.76
<item>
<name>Inheriting Emma's Butt</name>
<thumb>http://i3.bzpics.com/scenes/7884/mem1.jpg</thumb>
<size>702.76</size>
</item>


561.80
<item>
<name>Ashli's Oily DP</name>
<thumb>http://i3.bzpics.com/scenes/7900/mem1.jpg</thumb>
<size>561.80</size>
</item>


741.15
<item>
<name>Make It Rain</name>
<thumb>http://i0.bzpics.com/scenes/7647/mem1.jpg</thumb>
<size>741.15</size>
</item>


617.45
<item>
<name>Shopping For A Big Cock</name>
<thumb>http://i3.bzpics.com/scenes/7849/mem1.jpg</thumb>
<size>617.45</size>
</item>


404.51
<item>
<name>Cold Feet, Hot Pussy</name>
<thumb>http://i0.bzpics.com/scenes/7789/mem1.jpg</thumb>
<size>404.51</size>
</item>


513.39
<item>
<name>Pussy Burglar</name>
<thumb>http://i0.bzpics.com/scenes/7834/mem1.jpg</thumb>
<size>513.39</size>
</item>


510.67
<item>
<name>Fuck Your Way Out of the Friend-Zone</name>
<thumb>http://i1.bzpics.com/scenes/7729/mem1.jpg</thumb>
<size>510.67</size>
</item>


609.42
<item>
<name>Vice Squad Discipline</name>
<thumb>http://i3.bzpics.com/scenes/7828/mem1.jpg</thumb>
<size>609.42</size>
</item>


587.20
<item>
<name>Squirting On The Job</name>
<thumb>http://i2.bzpics.com/scenes/7791/mem1.jpg</thumb>
<size>587.20</size>
</item>


576.31
<item>
<name>Intimate Inmates</name>
<thumb>http://i2.bzpics.com/scenes/7801/mem1.jpg</thumb>
<size>576.31</size>
</item>


512.82
<item>
<name>Rent To Own That Ass</name>
<thumb>http://i0.bzpics.com/scenes/7869/mem1.jpg</thumb>
<size>512.82</size>
</item>


555.69
<item>
<name>Party Facials</name>
<thumb>http://i3.bzpics.com/scenes/7907/mem1.jpg</thumb>
<size>555.69</size>
</item>


517.17
<item>
<name>The MILF And The Manny</name>
<thumb>http://i3.bzpics.com/scenes/7829/mem1.jpg</thumb>
<size>517.17</size>
</item>


627.88
<item>
<name>Devon's Anatomy Lesson</name>
<thumb>http://i3.bzpics.com/scenes/7836/mem1.jpg</thumb>
<size>627.88</size>
</item>


596.68
<item>
<name>Jailhouse Fuck</name>
<thumb>http://i3.bzpics.com/scenes/7548/mem1.jpg</thumb>
<size>596.68</size>
</item>


446.92
<item>
<name>Unchained Asses</name>
<thumb>http://i1.bzpics.com/scenes/7767/mem1.jpg</thumb>
<size>446.92</size>
</item>


539.53
<item>
<name>Fuckdate With Destiny</name>
<thumb>http://i2.bzpics.com/scenes/7406/mem1.jpg</thumb>
<size>539.53</size>
</item>


589.71
<item>
<name>Threesome On The Dance Floor</name>
<thumb>http://i3.bzpics.com/scenes/7862/mem1.jpg</thumb>
<size>589.71</size>
</item>


614.38
<item>
<name>The Art Of Fucking</name>
<thumb>http://i3.bzpics.com/scenes/7858/mem1.jpg</thumb>
<size>614.38</size>
</item>


683.88
<item>
<name>Sinderella</name>
<thumb>http://i1.bzpics.com/scenes/7888/mem1.jpg</thumb>
<size>683.88</size>
</item>


