624.98
<item>
<name>Your Dad Doesn't Understand</name>
<thumb>http://i2.bzpics.com/scenes/8615/mem1.jpg</thumb>
<size>624.98</size>
<tags>['Big Dick Worship', 'MILF', 'Latina', 'Natural Tits', 'Brunette', 'Black Hair', 'Couples Fantasies', 'Wife', 'Blowjob (POV)', 'Big Tits', 'Big Tits Worship', 'Girlfriend', 'Stepmom', 'Stepdaughter']</tags>
<secc>Moms in control</secc>
</item>


498.07
<item>
<name>College and Cuffs</name>
<thumb>http://i3.bzpics.com/scenes/8863/mem1.jpg</thumb>
<size>498.07</size>
<tags>['School Fantasies', 'Uniform', 'Natural Tits', 'Blonde', 'School Girl', 'Blowjob (POV)', 'Tittyfuck (POV)']</tags>
<secc>Big Tits at School</secc>
</item>


464.17
<item>
<name>Brazzers House Episode Five Bonus</name>
<thumb>http://i1.bzpics.com/scenes/8710/mem1.jpg</thumb>
<size>464.17</size>
<tags>['Huge Tits', 'Bubble Butt', 'Blonde', 'Blowjob (POV)', 'Missionary (POV)', 'Tittyfuck (POV)', 'Reality Porn', 'Big Tits Worship']</tags>
<secc>ZZ Series</secc>
</item>


847.20
<item>
<name>Dipping Inside Dollie Darko</name>
<thumb>http://i2.bzpics.com/scenes/8813/mem1.jpg</thumb>
<size>847.20</size>
<tags>['Anal', 'Gonzo', 'Black Hair', 'Sex Toys', 'Oil', 'Blowjob (POV)', 'Doggystyle (POV)', 'Tittyfuck (POV)', 'Big Tits', 'Ass Worship']</tags>
<secc>Big Wet Butts</secc>
</item>


434.76
<item>
<name>Brazzers House Episode Five Bonus</name>
<thumb>http://i1.bzpics.com/scenes/8709/mem1.jpg</thumb>
<size>434.76</size>
<tags>['Natural Tits', 'Bubble Butt', 'Brunette', 'Feet', 'Creampie', 'Reality Porn']</tags>
<secc>ZZ Series</secc>
</item>


492.93
<item>
<name>I Think We Should Bang Other People: Part One</name>
<thumb>http://i2.bzpics.com/scenes/8851/mem1.jpg</thumb>
<size>492.93</size>
<tags>['Latina', 'Natural Tits', 'Brunette']</tags>
<secc>Teens Like It Big</secc>
</item>


517.55
<item>
<name>Pornstars Anonymous</name>
<thumb>http://i0.bzpics.com/scenes/8791/mem1.jpg</thumb>
<size>517.55</size>
<tags>['Interracial', 'Huge Tits', 'Big Ass', 'Blonde', 'Squirt', 'Big Tits Worship']</tags>
<secc>Pornstars Like it Big</secc>
</item>


