cat_10532373

<item>
353.33<title>[MomsTeachSex] Mila Jade, Nina Elle (Stepmom Seduced My Tutor / 04.19.2015)</title><url>magnet%3A%3Fxt%3Durn%3Abtih%3A07C799131625DC94DD7EF982C2F7AB4E204E6C94%26dn%3Dmomsteachsex%2Bmila%2Bjade%2Bnina%2Belle%2Bstepmom%2Bseduced%2Bmy%2Btutor%2B04%2B19%2B2015%26tr%3Dudp%253A%252F%252Ftracker4.piratux.com%253A6969%252Fannounce%26tr%3Dudp%253A%252F%252Fopen.demonii.com%253A1337</url><id>cat_10532373</id>
</item>


cat_10532256

<item>
301.10<title>[18Yoga] Nataly Gold (Hard Anal Bend / 04.20.2015)</title><url>magnet%3A%3Fxt%3Durn%3Abtih%3A151EC9285D37354F066C16557A7F6B6A931E42A8%26dn%3D18yoga%2Bnataly%2Bgold%2Bhard%2Banal%2Bbend%2B04%2B20%2B2015%26tr%3Dudp%253A%252F%252Ftracker4.piratux.com%253A6969%252Fannounce%26tr%3Dudp%253A%252F%252Fopen.demonii.com%253A1337</url><id>cat_10532256</id>
</item>


cat_10532132

<item>
466.75<title>[ReadyOrNotHereICum] Jimena Lago (Big cock for a nerdy bitch / 04.20.2015)</title><url>magnet%3A%3Fxt%3Durn%3Abtih%3A2594662661FCD399D2A7C9E08C89957632A418AA%26dn%3Dreadyornothereicum%2Bjimena%2Blago%2Bbig%2Bcock%2Bfor%2Ba%2Bnerdy%2Bbitch%2B04%2B20%2B2015%26tr%3Dudp%253A%252F%252Ftracker4.piratux.com%253A6969%252Fannounce%26tr%3Dudp%253A%252F%252Fopen.demonii.com%253A1337</url><id>cat_10532132</id>
</item>


cat_10532030

<item>
322.74<title>[Pawg] Kelly Divine (Ass and Tits For Days! / pwg14210 / 04.20.2015)</title><url>magnet%3A%3Fxt%3Durn%3Abtih%3AC7D0A3040F741EB2C02E5B4DA3EB255F47099B7B%26dn%3Dpawg%2Bkelly%2Bdivine%2Bass%2Band%2Btits%2Bfor%2Bdays%2Bpwg14210%2B04%2B20%2B2015%26tr%3Dudp%253A%252F%252Fglotorrents.pw%253A6969%252Fannounce%26tr%3Dudp%253A%252F%252Fopen.demonii.com%253A1337</url><id>cat_10532030</id>
</item>


cat_10532029

<item>
233.43<title>[Pawg] Kelly Divine (Ass and Tits For Days! / pwg14210 / 04.20.2015)</title><url>magnet%3A%3Fxt%3Durn%3Abtih%3AF2721212466AE78BB3607D803A6596CB77BC2C7F%26dn%3Dpawg%2Bkelly%2Bdivine%2Bass%2Band%2Btits%2Bfor%2Bdays%2Bpwg14210%2B04%2B20%2B2015%26tr%3Dudp%253A%252F%252Ftracker4.piratux.com%253A6969%252Fannounce%26tr%3Dudp%253A%252F%252Fopen.demonii.com%253A1337</url><id>cat_10532029</id>
</item>


cat_10532019

<item>
770.71<title>[Pawg] Kelly Divine (Ass and Tits For Days! / pwg14210 / 04.20.2015)</title><url>magnet%3A%3Fxt%3Durn%3Abtih%3A952FE0F18EF5B4B66743326D9BF4DA2CE23D4DE8%26dn%3Dpawg%2Bkelly%2Bdivine%2Bass%2Band%2Btits%2Bfor%2Bdays%2Bpwg14210%2B04%2B20%2B2015%26tr%3Dhttp%253A%252F%252Fbt.unionpron.org%253A444%252Fannounce%26tr%3Dudp%253A%252F%252Fopen.demonii.com%253A1337</url><id>cat_10532019</id>
</item>


cat_10531597

<item>
373.83<title>[Castingcouch-X] Gabriella Ford (Gabriella / 04.20.2015)</title><url>magnet%3A%3Fxt%3Durn%3Abtih%3AB36301043511135CAE2B024254FEF7A08B0B0148%26dn%3Dcastingcouch%2Bx%2Bgabriella%2Bford%2Bgabriella%2B04%2B20%2B2015%26tr%3Dudp%253A%252F%252Fglotorrents.pw%253A6969%252Fannounce%26tr%3Dudp%253A%252F%252Fopen.demonii.com%253A1337</url><id>cat_10531597</id>
</item>


cat_10531589

<item>
321.91<title>[DeepThroatLove] Marley Brinx (Throat Love / 04.20.2015)</title><url>magnet%3A%3Fxt%3Durn%3Abtih%3AF6554901648FD274751676F5B41A064C4F066A09%26dn%3Ddeepthroatlove%2Bmarley%2Bbrinx%2Bthroat%2Blove%2B04%2B20%2B2015%26tr%3Dudp%253A%252F%252Fglotorrents.pw%253A6969%252Fannounce%26tr%3Dudp%253A%252F%252Fopen.demonii.com%253A1337</url><id>cat_10531589</id>
</item>


cat_10531579

<item>
265.42<title>[MyWifesHotFriend] Brooke Wylde (19525 / 04.20.2015)</title><url>magnet%3A%3Fxt%3Durn%3Abtih%3AF1B615A0B2DEFB69FA013F6F74B507240784069E%26dn%3Dmywifeshotfriend%2Bbrooke%2Bwylde%2B19525%2B04%2B20%2B2015%26tr%3Dudp%253A%252F%252Ftracker4.piratux.com%253A6969%252Fannounce%26tr%3Dudp%253A%252F%252Fopen.demonii.com%253A1337</url><id>cat_10531579</id>
</item>


cat_10531559

<item>
254.87<title>[MyFriendsHotMom] Eva Notty (19523 / 04.20.2015)</title><url>magnet%3A%3Fxt%3Durn%3Abtih%3A0B04E4F806CB957273ECAF78E1D2F5508ABD153F%26dn%3Dmyfriendshotmom%2Beva%2Bnotty%2B19523%2B04%2B20%2B2015%26tr%3Dudp%253A%252F%252Fglotorrents.pw%253A6969%252Fannounce%26tr%3Dudp%253A%252F%252Fopen.demonii.com%253A1337</url><id>cat_10531559</id>
</item>


cat_10531558

<item>
284.77<title>[NaughtyBookworms] Ashley Adams (19517 / 04.20.2015)</title><url>magnet%3A%3Fxt%3Durn%3Abtih%3A17F83D2FE1216C0048AEE000E73CD3422FDA346F%26dn%3Dnaughtybookworms%2Bashley%2Badams%2B19517%2B04%2B20%2B2015%26tr%3Dudp%253A%252F%252Ftracker4.piratux.com%253A6969%252Fannounce%26tr%3Dudp%253A%252F%252Fopen.demonii.com%253A1337</url><id>cat_10531558</id>
</item>


cat_10531552

<item>
461.19<title>[MomXXX] Jenny Smart (Take Me Tonight / m1418 / 04.20.2015)</title><url>magnet%3A%3Fxt%3Durn%3Abtih%3AD8956587E96C3885315F05D02476A30E0F741B1D%26dn%3Dmomxxx%2Bjenny%2Bsmart%2Btake%2Bme%2Btonight%2Bm1418%2B04%2B20%2B2015%26tr%3Dudp%253A%252F%252Fglotorrents.pw%253A6969%252Fannounce%26tr%3Dudp%253A%252F%252Fopen.demonii.com%253A1337</url><id>cat_10531552</id>
</item>


cat_10531467

<item>
298.73<title>[DDFBusty] Patty Michova (Breasty Blowjob Expert / 04.20.2015)</title><url>magnet%3A%3Fxt%3Durn%3Abtih%3A40737ECB34BA73D97592E4F88E31FA7F9C4263A1%26dn%3Dddfbusty%2Bpatty%2Bmichova%2Bbreasty%2Bblowjob%2Bexpert%2B04%2B20%2B2015%26tr%3Dudp%253A%252F%252Ftracker4.piratux.com%253A6969%252Fannounce%26tr%3Dudp%253A%252F%252Fopen.demonii.com%253A1337</url><id>cat_10531467</id>
</item>


cat_10531426

<item>
163.40<title>[X-Art] Katia (A Sexy Lazy Afternoon / 04.20.2015)</title><url>magnet%3A%3Fxt%3Durn%3Abtih%3A6D7E5956F9CC0D4D32CE082B98BFEB1620536B91%26dn%3Dx%2Bart%2Bkatia%2Ba%2Bsexy%2Blazy%2Bafternoon%2B04%2B20%2B2015%26tr%3Dudp%253A%252F%252Fglotorrents.pw%253A6969%252Fannounce%26tr%3Dudp%253A%252F%252Fopen.demonii.com%253A1337</url><id>cat_10531426</id>
</item>


cat_10531379

<item>
255.24<title>[X-Art] Katia (A Sexy Lazy Afternoon / 04.20.2015)</title><url>magnet%3A%3Fxt%3Durn%3Abtih%3A7710EE33BA01305333ECE8A2AAA2645AE347FBD4%26dn%3Dx%2Bart%2Bkatia%2Ba%2Bsexy%2Blazy%2Bafternoon%2B04%2B20%2B2015%26tr%3Dudp%253A%252F%252Ftracker4.piratux.com%253A6969%252Fannounce%26tr%3Dudp%253A%252F%252Fopen.demonii.com%253A1337</url><id>cat_10531379</id>
</item>


cat_10531349

<item>
391.19<title>[MilfHunter] Sasha Sweet (Sweet Ass / 04.20.2015)</title><url>magnet%3A%3Fxt%3Durn%3Abtih%3A6A9F0B42D71A9E727A271862BDE78FC6C4941B43%26dn%3Dmilfhunter%2Bsasha%2Bsweet%2Bsweet%2Bass%2B04%2B20%2B2015%26tr%3Dudp%253A%252F%252Fglotorrents.pw%253A6969%252Fannounce%26tr%3Dudp%253A%252F%252Fopen.demonii.com%253A1337</url><id>cat_10531349</id>
</item>


cat_10531335

<item>
398.08<title>[MomsBangTeens] Zoey Monroe, Cherie Deville (So Naughty / 04.20.2015)</title><url>magnet%3A%3Fxt%3Durn%3Abtih%3A2FE1278503FE8B6BF342AC75B472B1EF5D051470%26dn%3Dmomsbangteens%2Bzoey%2Bmonroe%2Bcherie%2Bdeville%2Bso%2Bnaughty%2B04%2B20%2B2015%26tr%3Dudp%253A%252F%252Ftracker4.piratux.com%253A6969%252Fannounce%26tr%3Dudp%253A%252F%252Fopen.demonii.com%253A1337</url><id>cat_10531335</id>
</item>


cat_10531334

<item>
414.61<title>[IKnowThatGirl] Piper Perri (Tiny Teen Fucks Her Massive Man / 04.20.2015)</title><url>magnet%3A%3Fxt%3Durn%3Abtih%3AFC797FEC598C0175293B14D26D406C9DA11ABE02%26dn%3Diknowthatgirl%2Bpiper%2Bperri%2Btiny%2Bteen%2Bfucks%2Bher%2Bmassive%2Bman%2B04%2B20%2B2015%26tr%3Dudp%253A%252F%252Fglotorrents.pw%253A6969%252Fannounce%26tr%3Dudp%253A%252F%252Fopen.demonii.com%253A1337</url><id>cat_10531334</id>
</item>


cat_10531331

<item>
333.89<title>[MomsInControl] Amirah Adara, Mercedes Carrera (Your Dad Doesn&#039;t Understand / 04.20.2015)</title><url>magnet%3A%3Fxt%3Durn%3Abtih%3A3A2AAF975D895482983B4949AFFF8832E91C6BC4%26dn%3Dmomsincontrol%2Bamirah%2Badara%2Bmercedes%2Bcarrera%2Byour%2Bdad%2Bdoesn%2Bt%2Bunderstand%2B04%2B20%2B2015%26tr%3Dudp%253A%252F%252Ftracker4.piratux.com%253A6969%252Fannounce%26tr%3Dudp%253A%252F%252Fopen.demonii.com%253A1337</url><id>cat_10531331</id>
</item>


cat_10531328

<item>
265.11<title>[BigTitsAtSchool] Alexis Adams (College and Cuffs / 04.20.2015)</title><url>magnet%3A%3Fxt%3Durn%3Abtih%3ACD46511E2AA8E33CDFE73CE76F77CF1923738C50%26dn%3Dbigtitsatschool%2Balexis%2Badams%2Bcollege%2Band%2Bcuffs%2B04%2B20%2B2015%26tr%3Dudp%253A%252F%252Ftracker4.piratux.com%253A6969%252Fannounce%26tr%3Dudp%253A%252F%252Fopen.demonii.com%253A1337</url><id>cat_10531328</id>
</item>


cat_10531292

<item>
210.53<title>[BrownBunnies] Katt (Katt Gets Her Booty Drilled! / 04.19.2015)</title><url>magnet%3A%3Fxt%3Durn%3Abtih%3A61994ACB06A9AB1134AEA8396B4B3DDB2D792728%26dn%3Dbrownbunnies%2Bkatt%2Bkatt%2Bgets%2Bher%2Bbooty%2Bdrilled%2B04%2B19%2B2015%26tr%3Dudp%253A%252F%252Ftracker4.piratux.com%253A6969%252Fannounce%26tr%3Dudp%253A%252F%252Fopen.demonii.com%253A1337</url><id>cat_10531292</id>
</item>


cat_10531240

<item>
204.66<title>[FrolicMe] Victoria (SLIPPERY WHEN OILED / 04.18.2015)</title><url>magnet%3A%3Fxt%3Durn%3Abtih%3A433DB090C5D53C259094358A8CC063F10DBEDB35%26dn%3Dfrolicme%2Bvictoria%2Bslippery%2Bwhen%2Boiled%2B04%2B18%2B2015%26tr%3Dudp%253A%252F%252Ftracker4.piratux.com%253A6969%252Fannounce%26tr%3Dudp%253A%252F%252Fopen.demonii.com%253A1337</url><id>cat_10531240</id>
</item>


cat_10527050

<item>
284.78<title>[CuckoldSessions] Madelyn Monroe (04.19.2015)</title><url>magnet%3A%3Fxt%3Durn%3Abtih%3A8F4D391D936B9868FFB6FF6FAEBD8DEC1D5E1F7E%26dn%3Dcuckoldsessions%2Bmadelyn%2Bmonroe%2B04%2B19%2B2015%26tr%3Dudp%253A%252F%252Ftracker4.piratux.com%253A6969%252Fannounce%26tr%3Dudp%253A%252F%252Fopen.demonii.com%253A1337</url><id>cat_10527050</id>
</item>


cat_10526831

<item>
240.46<title>[21Naturals] Felicia Kiss (Random Pleasure / 400134 / 04.19.2015)</title><url>magnet%3A%3Fxt%3Durn%3Abtih%3A978BBEE7B1C14F901D1849EAC146F2AA555D051C%26dn%3D21naturals%2Bfelicia%2Bkiss%2Brandom%2Bpleasure%2B400134%2B04%2B19%2B2015%26tr%3Dudp%253A%252F%252Fglotorrents.pw%253A6969%252Fannounce%26tr%3Dudp%253A%252F%252Fopen.demonii.com%253A1337</url><id>cat_10526831</id>
</item>


cat_10526813

<item>
464.17<title>[ZZSeries] Nikki Benz (Brazzers House Episode Five Bonus / 04.19.2015)</title><url>magnet%3A%3Fxt%3Durn%3Abtih%3AA508166EDE4C7738E2822E280944EDAE37E44CD8%26dn%3Dzzseries%2Bnikki%2Bbenz%2Bbrazzers%2Bhouse%2Bepisode%2Bfive%2Bbonus%2B04%2B19%2B2015%26tr%3Dudp%253A%252F%252Ftracker4.piratux.com%253A6969%252Fannounce%26tr%3Dudp%253A%252F%252Fopen.demonii.com%253A1337</url><id>cat_10526813</id>
</item>


cat_10526811

<item>
847.20<title>[BigWetButts] Dollie Darko (Dipping Inside Dollie Darko / 04.19.2015)</title><url>magnet%3A%3Fxt%3Durn%3Abtih%3A9C1E4130F261761298EF0315739DFCA23C2BD458%26dn%3Dbigwetbutts%2Bdollie%2Bdarko%2Bdipping%2Binside%2Bdollie%2Bdarko%2B04%2B19%2B2015%26tr%3Dudp%253A%252F%252Ftracker4.piratux.com%253A6969%252Fannounce%26tr%3Dudp%253A%252F%252Fopen.demonii.com%253A1337</url><id>cat_10526811</id>
</item>


cat_10526804

<item>
692.64<title>[ClubSandy] Ava Addams (Lady Private Eye / 101378 / 04.19.2015)</title><url>magnet%3A%3Fxt%3Durn%3Abtih%3A42812BE1323703449BCCA77E28B681052BACE8A9%26dn%3Dclubsandy%2Bava%2Baddams%2Blady%2Bprivate%2Beye%2B101378%2B04%2B19%2B2015%26tr%3Dhttp%253A%252F%252Fpornforall.net%252Fannounce.php%253Fpasskey%253Dfe9de3abd223382ca032240909507a42%26tr%3Dudp%253A%252F%252Fopen.demonii.com%253A1337</url><id>cat_10526804</id>
</item>


cat_10526772

<item>
405.43<title>[ClubSandy] Ava Addams (Lady Private Eye / 101378 / 04.19.2015)</title><url>magnet%3A%3Fxt%3Durn%3Abtih%3A3510BD7EC27BF64D6D9C13BF1EBF0A25B022828A%26dn%3Dclubsandy%2Bava%2Baddams%2Blady%2Bprivate%2Beye%2B101378%2B04%2B19%2B2015%26tr%3Dudp%253A%252F%252Fglotorrents.pw%253A6969%252Fannounce%26tr%3Dudp%253A%252F%252Fopen.demonii.com%253A1337</url><id>cat_10526772</id>
</item>


cat_10526771

<item>
198.85<title>[ClubSandy] Ava Addams (Lady Private Eye / 101378 / 04.19.2015)</title><url>magnet%3A%3Fxt%3Durn%3Abtih%3ADC9DEEE16D2399115CD3A7963A5C2E65EA97D96C%26dn%3Dclubsandy%2Bava%2Baddams%2Blady%2Bprivate%2Beye%2B101378%2B04%2B19%2B2015%26tr%3Dudp%253A%252F%252Ftracker4.piratux.com%253A6969%252Fannounce%26tr%3Dudp%253A%252F%252Fopen.demonii.com%253A1337</url><id>cat_10526771</id>
</item>


cat_10526770

<item>
709.73<title>[TwistysHard] Jillian Janson (Temptation / 04.19.2015)</title><url>magnet%3A%3Fxt%3Durn%3Abtih%3A65A4D6E2EBFD75A0AC7FB4A53974E0002A94FD37%26dn%3Dtwistyshard%2Bjillian%2Bjanson%2Btemptation%2B04%2B19%2B2015%26tr%3Dudp%253A%252F%252Fglotorrents.pw%253A6969%252Fannounce%26tr%3Dudp%253A%252F%252Fopen.demonii.com%253A1337</url><id>cat_10526770</id>
</item>


cat_10526769

<item>
213.24<title>[TwistysHard] Jillian Janson (Temptation / 04.19.2015)</title><url>magnet%3A%3Fxt%3Durn%3Abtih%3A62C7B9D91C0E865919C2ACB065BA6505FCAD8ED8%26dn%3Dtwistyshard%2Bjillian%2Bjanson%2Btemptation%2B04%2B19%2B2015%26tr%3Dudp%253A%252F%252Ftracker4.piratux.com%253A6969%252Fannounce%26tr%3Dudp%253A%252F%252Fopen.demonii.com%253A1337</url><id>cat_10526769</id>
</item>


cat_10526735

<item>
425.56<title>[StreetBlowjobs] Tricsy Star (Tricsys Tricks / 04.19.2015)</title><url>magnet%3A%3Fxt%3Durn%3Abtih%3A9BC5542CC5BCE6974934C0E138DD1E1F25970500%26dn%3Dstreetblowjobs%2Btricsy%2Bstar%2Btricsys%2Btricks%2B04%2B19%2B2015%26tr%3Dudp%253A%252F%252Fglotorrents.pw%253A6969%252Fannounce%26tr%3Dudp%253A%252F%252Fopen.demonii.com%253A1337</url><id>cat_10526735</id>
</item>


cat_10526734

<item>
389.78<title>[MikeInBrazil] Alana Freitas (Fitness Fuck / 04.19.2015)</title><url>magnet%3A%3Fxt%3Durn%3Abtih%3AFF17B3FDCEC875EB6A1309BA4F5CEC8E17F07B7B%26dn%3Dmikeinbrazil%2Balana%2Bfreitas%2Bfitness%2Bfuck%2B04%2B19%2B2015%26tr%3Dudp%253A%252F%252Ftracker4.piratux.com%253A6969%252Fannounce%26tr%3Dudp%253A%252F%252Fopen.demonii.com%253A1337</url><id>cat_10526734</id>
</item>


cat_10526725

<item>
451.86<title>[BigWetButts] Dollie Darko (Dipping Inside Dollie Darko / 04.19.2015)</title><url>magnet%3A%3Fxt%3Durn%3Abtih%3A52B23600037724F7D9D92D3DB7B3941CF4EC377E%26dn%3Dbigwetbutts%2Bdollie%2Bdarko%2Bdipping%2Binside%2Bdollie%2Bdarko%2B04%2B19%2B2015%26tr%3Dudp%253A%252F%252Fpornleech.com%253A2710%252Fannounce%26tr%3Dudp%253A%252F%252Fopen.demonii.com%253A1337</url><id>cat_10526725</id>
</item>


cat_10526722

<item>
358.29<title>[PublicPickUps] Marta LaCroft (Sexy Tourist Fucks in the Bathroom / 04.19.2015)</title><url>magnet%3A%3Fxt%3Durn%3Abtih%3AF8221D037BCF5C4BD4DA39861E649DD186408C92%26dn%3Dpublicpickups%2Bmarta%2Blacroft%2Bsexy%2Btourist%2Bfucks%2Bin%2Bthe%2Bbathroom%2B04%2B19%2B2015%26tr%3Dudp%253A%252F%252Fglotorrents.pw%253A6969%252Fannounce%26tr%3Dudp%253A%252F%252Fopen.demonii.com%253A1337</url><id>cat_10526722</id>
</item>


cat_10526719

<item>
248.09<title>[ZZSeries] Nikki Benz (Brazzers House Episode Five Bonus / 04.19.2015)</title><url>magnet%3A%3Fxt%3Durn%3Abtih%3A01D8EC6B98C600426087F41ADF645473E501112E%26dn%3Dzzseries%2Bnikki%2Bbenz%2Bbrazzers%2Bhouse%2Bepisode%2Bfive%2Bbonus%2B04%2B19%2B2015%26tr%3Dudp%253A%252F%252Fglotorrents.pw%253A6969%252Fannounce%26tr%3Dudp%253A%252F%252Fopen.demonii.com%253A1337</url><id>cat_10526719</id>
</item>


cat_10526659

<item>
612.25<title>[WowPorn] Rita (First Sex On Camera / 04.19.2015)</title><url>magnet%3A%3Fxt%3Durn%3Abtih%3AF70D08F6AFA2D1D65DBE8DD8D2E4244E395ED615%26dn%3Dwowporn%2Brita%2Bfirst%2Bsex%2Bon%2Bcamera%2B04%2B19%2B2015%26tr%3Dudp%253A%252F%252Ftracker4.piratux.com%253A6969%252Fannounce%26tr%3Dudp%253A%252F%252Fopen.demonii.com%253A1337</url><id>cat_10526659</id>
</item>


cat_10526658

<item>
315.72<title>[WowPorn] Rita (First Sex On Camera / 04.19.2015)</title><url>magnet%3A%3Fxt%3Durn%3Abtih%3A29852100AF647C673B545C8E261DA4AB3E6E260D%26dn%3Dwowporn%2Brita%2Bfirst%2Bsex%2Bon%2Bcamera%2B04%2B19%2B2015%26tr%3Dudp%253A%252F%252Ftracker4.piratux.com%253A6969%252Fannounce%26tr%3Dudp%253A%252F%252Fopen.demonii.com%253A1337</url><id>cat_10526658</id>
</item>


cat_10526264

<item>
524.34<title>[SpoiledVirgins] Jody (Spoiled Virgins Member Jody Loses Her Virginity In A Threesome / 04.17.2015)</title><url>magnet%3A%3Fxt%3Durn%3Abtih%3A7F27D44B5BA7946C8B1B2713600FB35A69646683%26dn%3Dspoiledvirgins%2Bjody%2Bspoiled%2Bvirgins%2Bmember%2Bjody%2Bloses%2Bher%2Bvirginity%2Bin%2Ba%2Bthreesome%2B04%2B17%2B2015%26tr%3Dudp%253A%252F%252Fglotorrents.pw%253A6969%252Fannounce%26tr%3Dudp%253A%252F%252Fopen.demonii.com%253A1337</url><id>cat_10526264</id>
</item>


cat_10525937

<item>
169.04<title>[InnocentHigh] Cadence Carter (The Oval O Face / 04.18.2015)</title><url>magnet%3A%3Fxt%3Durn%3Abtih%3A99D04BBABD7586C8F4C0904FCFAD975F3CB9C2F9%26dn%3Dinnocenthigh%2Bcadence%2Bcarter%2Bthe%2Boval%2Bo%2Bface%2B04%2B18%2B2015%26tr%3Dudp%253A%252F%252Ftracker4.piratux.com%253A6969%252Fannounce%26tr%3Dudp%253A%252F%252Fopen.demonii.com%253A1337</url><id>cat_10525937</id>
</item>


cat_10525843

<item>
918.38<title>[InnocentHigh] Cadence Carter (The Oval O Face / 04.18.2015)</title><url>magnet%3A%3Fxt%3Durn%3Abtih%3AF40C21400909D3782B8068062EC14BA2FD893822%26dn%3Dinnocenthigh%2Bcadence%2Bcarter%2Bthe%2Boval%2Bo%2Bface%2B04%2B18%2B2015%26tr%3Dudp%253A%252F%252Ftracker4.piratux.com%253A6969%252Fannounce%26tr%3Dudp%253A%252F%252Fopen.demonii.com%253A1337</url><id>cat_10525843</id>
</item>


cat_10525606

<item>
417.55<title>[EveAngelOfficial] Bettina DiCapri and Eve Angel (The Dean And The Disciple [Part 1] / 04.17.2015)</title><url>magnet%3A%3Fxt%3Durn%3Abtih%3AF71E9B4E0CC2BAB7593E6BACEE7A526A4F29584B%26dn%3Deveangelofficial%2Bbettina%2Bdicapri%2Band%2Beve%2Bangel%2Bthe%2Bdean%2Band%2Bthe%2Bdisciple%2Bpart%2B1%2B04%2B17%2B2015%26tr%3Dudp%253A%252F%252Ftracker4.piratux.com%253A6969%252Fannounce%26tr%3Dudp%253A%252F%252Fopen.demonii.com%253A1337</url><id>cat_10525606</id>
</item>


cat_10525589

<item>
372.63<title>[BoldlyGirls] Lara Krof (Cock Raider / 04.18.2015)</title><url>magnet%3A%3Fxt%3Durn%3Abtih%3A83FCEEBD9ADD55577411A910F600D2EB6CE83824%26dn%3Dboldlygirls%2Blara%2Bkrof%2Bcock%2Braider%2B04%2B18%2B2015%26tr%3Dudp%253A%252F%252Ftracker4.piratux.com%253A6969%252Fannounce%26tr%3Dudp%253A%252F%252Fopen.demonii.com%253A1337</url><id>cat_10525589</id>
</item>


cat_10525575

<item>
802.49<title>[DancingBear] Swinging Dicks! (04.18.2015)</title><url>magnet%3A%3Fxt%3Durn%3Abtih%3A499B5673E68FED8195097914167D1BB6D827619B%26dn%3Ddancingbear%2Bswinging%2Bdicks%2B04%2B18%2B2015%26tr%3Dudp%253A%252F%252Fopen.demonii.com%253A1337%252Fannounce</url><id>cat_10525575</id>
</item>


cat_10525573

<item>
243.83<title>[DancingBear] Swinging Dicks! (04.18.2015)</title><url>magnet%3A%3Fxt%3Durn%3Abtih%3A11A2E3A2896F180B3CFFDFCB6330730A7F959F28%26dn%3Ddancingbear%2Bswinging%2Bdicks%2B04%2B18%2B2015%26tr%3Dudp%253A%252F%252Ftracker4.piratux.com%253A6969%252Fannounce%26tr%3Dudp%253A%252F%252Fopen.demonii.com%253A1337</url><id>cat_10525573</id>
</item>


cat_10525569

<item>
822.25<title>[MomPOV] Alee (Bonus With This HOT Blonde (E 304 / 04.16.2015)</title><url>magnet%3A%3Fxt%3Durn%3Abtih%3A9C8E152F0592872902E649EC39CB3386EED4CD23%26dn%3Dmompov%2Balee%2Bbonus%2Bwith%2Bthis%2Bhot%2Bblonde%2Be%2B304%2B04%2B16%2B2015%26tr%3Dudp%253A%252F%252Fopen.demonii.com%253A1337%252Fannounce</url><id>cat_10525569</id>
</item>


cat_10525565

<item>
224.79<title>[MomPOV] Alee (Bonus With This HOT Blonde (E 304 / 04.16.2015)</title><url>magnet%3A%3Fxt%3Durn%3Abtih%3AEE86B7276F96A81DBDD9B2D16B420DB0B7B6B5F4%26dn%3Dmompov%2Balee%2Bbonus%2Bwith%2Bthis%2Bhot%2Bblonde%2Be%2B304%2B04%2B16%2B2015%26tr%3Dudp%253A%252F%252Ftracker4.piratux.com%253A6969%252Fannounce%26tr%3Dudp%253A%252F%252Fopen.demonii.com%253A1337</url><id>cat_10525565</id>
</item>


cat_10525532

<item>
266.54<title>[RealExGirlfriends] Alexa Nova (Two Toys At A Time / 04.18.2015)</title><url>magnet%3A%3Fxt%3Durn%3Abtih%3AE4A27901B4C8FEAEAC0CFDD6A8B2B7BD11F9C0A7%26dn%3Drealexgirlfriends%2Balexa%2Bnova%2Btwo%2Btoys%2Bat%2Ba%2Btime%2B04%2B18%2B2015%26tr%3Dudp%253A%252F%252Ftracker4.piratux.com%253A6969%252Fannounce%26tr%3Dudp%253A%252F%252Fopen.demonii.com%253A1337</url><id>cat_10525532</id>
</item>


cat_10525530

<item>
293.42<title>[PureMature] Shawna Lenee (Naked Morning / 04.18.2015)</title><url>magnet%3A%3Fxt%3Durn%3Abtih%3AD4C7A5046C602C4E2073BF34E3A0CBF807E72FCE%26dn%3Dpuremature%2Bshawna%2Blenee%2Bnaked%2Bmorning%2B04%2B18%2B2015%26tr%3Dudp%253A%252F%252Ftracker4.piratux.com%253A6969%252Fannounce%26tr%3Dudp%253A%252F%252Fopen.demonii.com%253A1337</url><id>cat_10525530</id>
</item>


cat_10525529

<item>
332.76<title>[POVD] Marley Brinx (Pull Up A Seat / 04.18.2015)</title><url>magnet%3A%3Fxt%3Durn%3Abtih%3A179C375791AD7A5937AAB1F4C441876AFD6D219F%26dn%3Dpovd%2Bmarley%2Bbrinx%2Bpull%2Bup%2Ba%2Bseat%2B04%2B18%2B2015%26tr%3Dudp%253A%252F%252Ftracker4.piratux.com%253A6969%252Fannounce%26tr%3Dudp%253A%252F%252Fopen.demonii.com%253A1337</url><id>cat_10525529</id>
</item>


cat_10525468

<item>
178.44<title>[BangCasting] Aaliyah Grey (That Booty is Phat and Juicy! / hih14307 / 04.18.2015)</title><url>magnet%3A%3Fxt%3Durn%3Abtih%3A1036D9A126FF88A3B30B2E3739649719B08FC231%26dn%3Dbangcasting%2Baaliyah%2Bgrey%2Bthat%2Bbooty%2Bis%2Bphat%2Band%2Bjuicy%2Bhih14307%2B04%2B18%2B2015%26tr%3Dudp%253A%252F%252Ftracker4.piratux.com%253A6969%252Fannounce%26tr%3Dudp%253A%252F%252Fopen.demonii.com%253A1337</url><id>cat_10525468</id>
</item>


cat_10525393

<item>
332.35<title>[EvilAngel] Vyxen Steel (Anal Required 5 / 04.18.2015)</title><url>magnet%3A%3Fxt%3Durn%3Abtih%3AFC2993F4D6E2CEA270388B97DC5E2738BAF75086%26dn%3Devilangel%2Bvyxen%2Bsteel%2Banal%2Brequired%2B5%2B04%2B18%2B2015%26tr%3Dudp%253A%252F%252Ftracker4.piratux.com%253A6969%252Fannounce%26tr%3Dudp%253A%252F%252Fopen.demonii.com%253A1337</url><id>cat_10525393</id>
</item>


cat_10522449

<item>
358.31<title>[BlacksOnCougars] Shayla La Veaux (02.10.2013)</title><url>magnet%3A%3Fxt%3Durn%3Abtih%3A1F3EE198E47140E27680FBF0770CB884C428A27C%26dn%3Dblacksoncougars%2Bshayla%2Bla%2Bveaux%2B02%2B10%2B2013%26tr%3Dudp%253A%252F%252Ftracker4.piratux.com%253A6969%252Fannounce%26tr%3Dudp%253A%252F%252Fopen.demonii.com%253A1337</url><id>cat_10522449</id>
</item>


cat_10522140

<item>
492.93<title>[TeensLikeItBig] Ariana Marie (I Think We Should Bang Other People: Part One / 04.18.2015)</title><url>magnet%3A%3Fxt%3Durn%3Abtih%3A830A38686D48C443020D01DB883B7AC0301D0925%26dn%3Dteenslikeitbig%2Bariana%2Bmarie%2Bi%2Bthink%2Bwe%2Bshould%2Bbang%2Bother%2Bpeople%2Bpart%2Bone%2B04%2B18%2B2015%26tr%3Dudp%253A%252F%252Fglotorrents.pw%253A6969%252Fannounce%26tr%3Dudp%253A%252F%252Fopen.demonii.com%253A1337</url><id>cat_10522140</id>
</item>


cat_10522136

<item>
434.76<title>[ZZSeries] Dani Daniels (Brazzers House Episode Five Bonus / 04.18.2015)</title><url>magnet%3A%3Fxt%3Durn%3Abtih%3AA2DAA49D30193CC06BBA25DBF7B158464386759E%26dn%3Dzzseries%2Bdani%2Bdaniels%2Bbrazzers%2Bhouse%2Bepisode%2Bfive%2Bbonus%2B04%2B18%2B2015%26tr%3Dudp%253A%252F%252Ftracker4.piratux.com%253A6969%252Fannounce%26tr%3Dudp%253A%252F%252Fopen.demonii.com%253A1337</url><id>cat_10522136</id>
</item>


cat_10522091

<item>
398.95<title>[PixAndVideo] Megan Rain (The Sorority&#039;s Best Slut / 200547 / 04.18.2015)</title><url>magnet%3A%3Fxt%3Durn%3Abtih%3A5369296C01E54228D823B6ADCD1137EE5D1090C6%26dn%3Dpixandvideo%2Bmegan%2Brain%2Bthe%2Bsorority%2Bs%2Bbest%2Bslut%2B200547%2B04%2B18%2B2015%26tr%3Dudp%253A%252F%252Fglotorrents.pw%253A6969%252Fannounce%26tr%3Dudp%253A%252F%252Fopen.demonii.com%253A1337</url><id>cat_10522091</id>
</item>


cat_10522088

<item>
193.90<title>[PixAndVideo] Megan Rain (The Sorority&#039;s Best Slut / 200547 / 04.18.2015)</title><url>magnet%3A%3Fxt%3Durn%3Abtih%3A9E87C99BFA0F046EC7511B9B6A6CB2FFA4CEAF51%26dn%3Dpixandvideo%2Bmegan%2Brain%2Bthe%2Bsorority%2Bs%2Bbest%2Bslut%2B200547%2B04%2B18%2B2015%26tr%3Dudp%253A%252F%252Ftracker4.piratux.com%253A6969%252Fannounce%26tr%3Dudp%253A%252F%252Fopen.demonii.com%253A1337</url><id>cat_10522088</id>
</item>


cat_10522074

<item>
388.42<title>[21FootArt] Carolina Abril (Passion Between The Soles / 430066 / 04.18.2015)</title><url>magnet%3A%3Fxt%3Durn%3Abtih%3AEAAE3C98600C29A4D36002A8C0A35B3492B32724%26dn%3D21footart%2Bcarolina%2Babril%2Bpassion%2Bbetween%2Bthe%2Bsoles%2B430066%2B04%2B18%2B2015%26tr%3Dudp%253A%252F%252Fglotorrents.pw%253A6969%252Fannounce%26tr%3Dudp%253A%252F%252Fopen.demonii.com%253A1337</url><id>cat_10522074</id>
</item>


cat_10522073

<item>
189.55<title>[21FootArt] Carolina Abril (Passion Between The Soles / 430066 / 04.18.2015)</title><url>magnet%3A%3Fxt%3Durn%3Abtih%3A4031591C671E5D6D4D76FF8A6FFDFBE969DC1E5D%26dn%3D21footart%2Bcarolina%2Babril%2Bpassion%2Bbetween%2Bthe%2Bsoles%2B430066%2B04%2B18%2B2015%26tr%3Dudp%253A%252F%252Ftracker4.piratux.com%253A6969%252Fannounce%26tr%3Dudp%253A%252F%252Fopen.demonii.com%253A1337</url><id>cat_10522073</id>
</item>


cat_10522066

<item>
635.71<title>[GirlsDoPorn] 19 Years Old (E310 / 04.18.2015)</title><url>magnet%3A%3Fxt%3Durn%3Abtih%3A8C62ECBED32821D739C1C114AD1AA00A0B0A6F41%26dn%3Dgirlsdoporn%2B19%2Byears%2Bold%2Be310%2B04%2B18%2B2015%26tr%3Dudp%253A%252F%252Ftracker4.piratux.com%253A6969%252Fannounce%26tr%3Dudp%253A%252F%252Fopen.demonii.com%253A1337</url><id>cat_10522066</id>
</item>


cat_10522023

<item>
481.72<title>[AssholeFever] Anissa Kate (Chocolate For Dessert / 8579 / 04.18.2015)</title><url>magnet%3A%3Fxt%3Durn%3Abtih%3ADFC509D8B2029328601268D716D46CB13053CA94%26dn%3Dassholefever%2Banissa%2Bkate%2Bchocolate%2Bfor%2Bdessert%2B8579%2B04%2B18%2B2015%26tr%3Dudp%253A%252F%252Fglotorrents.pw%253A6969%252Fannounce%26tr%3Dudp%253A%252F%252Fopen.demonii.com%253A1337</url><id>cat_10522023</id>
</item>


cat_10522014

<item>
235.44<title>[AssholeFever] Anissa Kate (Chocolate For Dessert / 8579 / 04.18.2015)</title><url>magnet%3A%3Fxt%3Durn%3Abtih%3A838D5DDE114F26D88B64DBDDE62E1EFEFDEAF9B9%26dn%3Dassholefever%2Banissa%2Bkate%2Bchocolate%2Bfor%2Bdessert%2B8579%2B04%2B18%2B2015%26tr%3Dudp%253A%252F%252Ftracker4.piratux.com%253A6969%252Fannounce%26tr%3Dudp%253A%252F%252Fopen.demonii.com%253A1337</url><id>cat_10522014</id>
</item>


cat_10522013

<item>
640.23<title>[FakeAgent] Bella (Skinny brunette babe sucks and fucks in casting / c1435 / 04.18.2015)</title><url>magnet%3A%3Fxt%3Durn%3Abtih%3AD96201FF696763ED319F0AA0C49C0D410E47729B%26dn%3Dfakeagent%2Bbella%2Bskinny%2Bbrunette%2Bbabe%2Bsucks%2Band%2Bfucks%2Bin%2Bcasting%2Bc1435%2B04%2B18%2B2015%26tr%3Dudp%253A%252F%252Fglotorrents.pw%253A6969%252Fannounce%26tr%3Dudp%253A%252F%252Fopen.demonii.com%253A1337</url><id>cat_10522013</id>
</item>


cat_10521996

<item>
357.69<title>[TeensLoveHugeCocks] Kaylee Haze (The Pleaser / 04.18.2015)</title><url>magnet%3A%3Fxt%3Durn%3Abtih%3A90FDB32B57078FED37339A20816901BA6A24831F%26dn%3Dteenslovehugecocks%2Bkaylee%2Bhaze%2Bthe%2Bpleaser%2B04%2B18%2B2015%26tr%3Dudp%253A%252F%252Fglotorrents.pw%253A6969%252Fannounce%26tr%3Dudp%253A%252F%252Fopen.demonii.com%253A1337</url><id>cat_10521996</id>
</item>


cat_10521995

<item>
341.57<title>[MonsterCurves] Alexis Rodriguez (Got It All / 04.18.2015)</title><url>magnet%3A%3Fxt%3Durn%3Abtih%3A63409F0334BA09F4AB29E4E208D448C408E853EA%26dn%3Dmonstercurves%2Balexis%2Brodriguez%2Bgot%2Bit%2Ball%2B04%2B18%2B2015%26tr%3Dudp%253A%252F%252Fglotorrents.pw%253A6969%252Fannounce%26tr%3Dudp%253A%252F%252Fopen.demonii.com%253A1337</url><id>cat_10521995</id>
</item>


cat_10521978

<item>
232.17<title>[ZZSeries] Dani Daniels (Brazzers House Episode Five Bonus / 04.18.2015)</title><url>magnet%3A%3Fxt%3Durn%3Abtih%3A06A75C44740B50BC3610BBEE16E8BA6E412D0962%26dn%3Dzzseries%2Bdani%2Bdaniels%2Bbrazzers%2Bhouse%2Bepisode%2Bfive%2Bbonus%2B04%2B18%2B2015%26tr%3Dudp%253A%252F%252Ftracker4.piratux.com%253A6969%252Fannounce%26tr%3Dudp%253A%252F%252Fopen.demonii.com%253A1337</url><id>cat_10521978</id>
</item>


cat_10521977

<item>
262.90<title>[TeensLikeItBig] Ariana Marie (I Think We Should Bang Other People: Part One / 04.18.2015)</title><url>magnet%3A%3Fxt%3Durn%3Abtih%3A2E92DD6BC2D57E182C3797C39EC2ABAFC45A7240%26dn%3Dteenslikeitbig%2Bariana%2Bmarie%2Bi%2Bthink%2Bwe%2Bshould%2Bbang%2Bother%2Bpeople%2Bpart%2Bone%2B04%2B18%2B2015%26tr%3Dudp%253A%252F%252Fopen.demonii.com%253A1337%252Fannounce</url><id>cat_10521977</id>
</item>


cat_10521975

<item>
182.63<title>[MofosBSides] Kendal Kenzie (Blonde Amateur&#039;s Sex Tape / 04.18.2015)</title><url>magnet%3A%3Fxt%3Durn%3Abtih%3A0D88179F99D3C5A38C9CEAB8E12A2F9D132AA55C%26dn%3Dmofosbsides%2Bkendal%2Bkenzie%2Bblonde%2Bamateur%2Bs%2Bsex%2Btape%2B04%2B18%2B2015%26tr%3Dudp%253A%252F%252Ftracker4.piratux.com%253A6969%252Fannounce%26tr%3Dudp%253A%252F%252Fopen.demonii.com%253A1337</url><id>cat_10521975</id>
</item>


cat_10521813

<item>
190.35<title>[MeetSuckAndFuck] Olivia (Steamy Hook Up Fuck With A Hot Dancer / msf0039 / 04.15.2015)</title><url>magnet%3A%3Fxt%3Durn%3Abtih%3AB5845CF8FA80E2C72EA2D6751E725AA80769D828%26dn%3Dmeetsuckandfuck%2Bolivia%2Bsteamy%2Bhook%2Bup%2Bfuck%2Bwith%2Ba%2Bhot%2Bdancer%2Bmsf0039%2B04%2B15%2B2015%26tr%3Dudp%253A%252F%252Ftracker4.piratux.com%253A6969%252Fannounce%26tr%3Dudp%253A%252F%252Fopen.demonii.com%253A1337</url><id>cat_10521813</id>
</item>


cat_10521805

<item>
973.18<title>[EuroTeenErotica] Anita Sparkle (Nail That Butthole / 04.16.2015)</title><url>magnet%3A%3Fxt%3Durn%3Abtih%3A3E4396CC840384A2DB75F2F428B71B742836A13B%26dn%3Deuroteenerotica%2Banita%2Bsparkle%2Bnail%2Bthat%2Bbutthole%2B04%2B16%2B2015%26tr%3Dudp%253A%252F%252Ftracker4.piratux.com%253A6969%252Fannounce%26tr%3Dudp%253A%252F%252Fopen.demonii.com%253A1337</url><id>cat_10521805</id>
</item>


cat_10521801

<item>
500.61<title>NoBoring - Nancy - Russian Teen Gets Anal Gaped</title><url>magnet%3A%3Fxt%3Durn%3Abtih%3AEB60D92935BD8365560A5A06AC076EE3DB40460C%26dn%3Dnoboring%2Bnancy%2Brussian%2Bteen%2Bgets%2Banal%2Bgaped%26tr%3Dudp%253A%252F%252Ftracker4.piratux.com%253A6969%252Fannounce%26tr%3Dudp%253A%252F%252Fopen.demonii.com%253A1337</url><id>cat_10521801</id>
</item>


cat_10521775

<item>
252.29<title>[HDMassagePorn] Parvin (Beautiful Girl Goes For Hard Massage Fucking / hmp0129 / 04.17.2015)</title><url>magnet%3A%3Fxt%3Durn%3Abtih%3A7D4819008D3FA185476571C27D41526F05F2B3E0%26dn%3Dhdmassageporn%2Bparvin%2Bbeautiful%2Bgirl%2Bgoes%2Bfor%2Bhard%2Bmassage%2Bfucking%2Bhmp0129%2B04%2B17%2B2015%26tr%3Dudp%253A%252F%252Ftracker4.piratux.com%253A6969%252Fannounce%26tr%3Dudp%253A%252F%252Fopen.demonii.com%253A1337</url><id>cat_10521775</id>
</item>


cat_10521706

<item>
1007.35<title>[POVD] Marley Brinx (Pull Up A Seat / 04.18.2015)</title><url>magnet%3A%3Fxt%3Durn%3Abtih%3A6F3FB3D2AA4771413A144AA0879B059469030A4D%26dn%3Dpovd%2Bmarley%2Bbrinx%2Bpull%2Bup%2Ba%2Bseat%2B04%2B18%2B2015%26tr%3Dudp%253A%252F%252Fopen.demonii.com%253A1337%252Fannounce</url><id>cat_10521706</id>
</item>


cat_10521705

<item>
519.85<title>[POVD] Marley Brinx (Pull Up A Seat / 04.18.2015)</title><url>magnet%3A%3Fxt%3Durn%3Abtih%3ABA11024BAE1664BC5B72C209F5A6CEE88183AAC9%26dn%3Dpovd%2Bmarley%2Bbrinx%2Bpull%2Bup%2Ba%2Bseat%2B04%2B18%2B2015%26tr%3Dudp%253A%252F%252Fglotorrents.pw%253A6969%252Fannounce%26tr%3Dudp%253A%252F%252Fopen.demonii.com%253A1337</url><id>cat_10521705</id>
</item>


cat_10521703

<item>
808.08<title>[RealExGirlfriends] Alexa Nova (Two Toys At A Time / 04.18.2015)</title><url>magnet%3A%3Fxt%3Durn%3Abtih%3AC5B29A9DB4A6829517D65AFD68171E40703690A4%26dn%3Drealexgirlfriends%2Balexa%2Bnova%2Btwo%2Btoys%2Bat%2Ba%2Btime%2B04%2B18%2B2015%26tr%3Dudp%253A%252F%252Fopen.demonii.com%253A1337%252Fannounce</url><id>cat_10521703</id>
</item>


cat_10521702

<item>
411.13<title>[RealExGirlfriends] Alexa Nova (Two Toys At A Time / 04.18.2015)</title><url>magnet%3A%3Fxt%3Durn%3Abtih%3AE78174BFEF3CDC632B10206D04C939648812DBD3%26dn%3Drealexgirlfriends%2Balexa%2Bnova%2Btwo%2Btoys%2Bat%2Ba%2Btime%2B04%2B18%2B2015%26tr%3Dudp%253A%252F%252Fglotorrents.pw%253A6969%252Fannounce%26tr%3Dudp%253A%252F%252Fopen.demonii.com%253A1337</url><id>cat_10521702</id>
</item>


cat_10521700

<item>
886.69<title>[PureMature] Shawna Lenee (Naked Morning / 04.18.2015)</title><url>magnet%3A%3Fxt%3Durn%3Abtih%3A317E0B1905ED8901DC2451A030164FFD15C23AEB%26dn%3Dpuremature%2Bshawna%2Blenee%2Bnaked%2Bmorning%2B04%2B18%2B2015%26tr%3Dudp%253A%252F%252Fopen.demonii.com%253A1337%252Fannounce</url><id>cat_10521700</id>
</item>


cat_10521699

<item>
454.59<title>[PureMature] Shawna Lenee (Naked Morning / 04.18.2015)</title><url>magnet%3A%3Fxt%3Durn%3Abtih%3A080C97E7ABFDEDB5905D18A8B94337B041D8AFB8%26dn%3Dpuremature%2Bshawna%2Blenee%2Bnaked%2Bmorning%2B04%2B18%2B2015%26tr%3Dudp%253A%252F%252Fglotorrents.pw%253A6969%252Fannounce%26tr%3Dudp%253A%252F%252Fopen.demonii.com%253A1337</url><id>cat_10521699</id>
</item>


cat_10521300

<item>
790.39<title>[WoodmanCastingX] Adriana Chechik (Casting X 140 / 04.17.2015)</title><url>magnet%3A%3Fxt%3Durn%3Abtih%3A2A6EBCE55DA3906F775823FA0C43335748E3FD13%26dn%3Dwoodmancastingx%2Badriana%2Bchechik%2Bcasting%2Bx%2B140%2B04%2B17%2B2015%26tr%3Dudp%253A%252F%252Fopen.demonii.com%253A1337%252Fannounce</url><id>cat_10521300</id>
</item>


cat_10521236

<item>
223.88<title>[DigitalPlayground] Nikki Benz (Mr. and Mrs. Benz / 04.17.2015)</title><url>magnet%3A%3Fxt%3Durn%3Abtih%3AF414BBCF9CECE55C318DCF217B33D4AF7F546C45%26dn%3Ddigitalplayground%2Bnikki%2Bbenz%2Bmr%2Band%2Bmrs%2Bbenz%2B04%2B17%2B2015%26tr%3Dudp%253A%252F%252Ftracker4.piratux.com%253A6969%252Fannounce%26tr%3Dudp%253A%252F%252Fopen.demonii.com%253A1337</url><id>cat_10521236</id>
</item>


cat_10521193

<item>
311.90<title>[TonightsGirlfriend] Shawna Lenee (Vanilla / 04.17.2015)</title><url>magnet%3A%3Fxt%3Durn%3Abtih%3A42575E3CAC3971A9E5D347A9BE71B4F2BA19CA9D%26dn%3Dtonightsgirlfriend%2Bshawna%2Blenee%2Bvanilla%2B04%2B17%2B2015%26tr%3Dudp%253A%252F%252Ftracker4.piratux.com%253A6969%252Fannounce%26tr%3Dudp%253A%252F%252Fopen.demonii.com%253A1337</url><id>cat_10521193</id>
</item>


cat_10521189

<item>
480.92<title>[HardX] Morgan Lee (Morgan Lee In &#039;Anal Roller Girl&#039; / 04.17.2015)</title><url>magnet%3A%3Fxt%3Durn%3Abtih%3A19027E787C1ACAA70513B146B59022B5111A9E32%26dn%3Dhardx%2Bmorgan%2Blee%2Bmorgan%2Blee%2Bin%2Banal%2Broller%2Bgirl%2B04%2B17%2B2015%26tr%3Dudp%253A%252F%252Fopen.demonii.com%253A1337%252Fannounce</url><id>cat_10521189</id>
</item>


cat_10521178

<item>
216.85<title>[SexArt] Chloe Amour, Whitney Westgate (Just Touch Me / 04.17.2015)</title><url>magnet%3A%3Fxt%3Durn%3Abtih%3A7A0C0795CAFB3682F8A543C34F5EABC5EB798BFD%26dn%3Dsexart%2Bchloe%2Bamour%2Bwhitney%2Bwestgate%2Bjust%2Btouch%2Bme%2B04%2B17%2B2015%26tr%3Dudp%253A%252F%252Ftracker4.piratux.com%253A6969%252Fannounce%26tr%3Dudp%253A%252F%252Fopen.demonii.com%253A1337</url><id>cat_10521178</id>
</item>


cat_10518039

<item>
329.32<title>TeenFidelity - Melanie Rios - Tied Up Teen</title><url>magnet%3A%3Fxt%3Durn%3Abtih%3ADC93843B8C1A3263BCB9A7D381566AAC1A711CB2%26dn%3Dteenfidelity%2Bmelanie%2Brios%2Btied%2Bup%2Bteen%26tr%3Dudp%253A%252F%252Ftracker4.piratux.com%253A6969%252Fannounce%26tr%3Dudp%253A%252F%252Fopen.demonii.com%253A1337</url><id>cat_10518039</id>
</item>


cat_10518023

<item>
500.15<title>TeamSkeetExtras - Ashlyn Rae - Payback Time</title><url>magnet%3A%3Fxt%3Durn%3Abtih%3A87C2873A6C0C4F53EAE4B27FF6C3CBD4774A6770%26dn%3Dteamskeetextras%2Bashlyn%2Brae%2Bpayback%2Btime%26tr%3Dudp%253A%252F%252Ftracker4.piratux.com%253A6969%252Fannounce%26tr%3Dudp%253A%252F%252Fopen.demonii.com%253A1337</url><id>cat_10518023</id>
</item>


cat_10517830

<item>
232.85<title>[BangBrosClips] Molly Jane (Cock Pursuit / bbc14216 / 04.17.2015)</title><url>magnet%3A%3Fxt%3Durn%3Abtih%3A99EA4D1C12172BD452E8F9199153449191827853%26dn%3Dbangbrosclips%2Bmolly%2Bjane%2Bcock%2Bpursuit%2Bbbc14216%2B04%2B17%2B2015%26tr%3Dudp%253A%252F%252Fopen.demonii.com%253A1337%252Fannounce</url><id>cat_10517830</id>
</item>


cat_10517829

<item>
168.04<title>[BangBrosClips] Molly Jane (Cock Pursuit / bbc14216 / 04.17.2015)</title><url>magnet%3A%3Fxt%3Durn%3Abtih%3AE212545CFD26E3D0670719C4A6D014788BA71E6D%26dn%3Dbangbrosclips%2Bmolly%2Bjane%2Bcock%2Bpursuit%2Bbbc14216%2B04%2B17%2B2015%26tr%3Dhttp%253A%252F%252Fbt.unionpron.org%253A444%252Fannounce%26tr%3Dudp%253A%252F%252Fopen.demonii.com%253A1337</url><id>cat_10517829</id>
</item>


cat_10517530

<item>
851.47<title>[TonightsGirlfriend] Shawna Lenee (04.17.2015)</title><url>magnet%3A%3Fxt%3Durn%3Abtih%3AA2F442D02591D87A78057CFD80DF5346F9E0347F%26dn%3Dtonightsgirlfriend%2Bshawna%2Blenee%2B04%2B17%2B2015%26tr%3Dudp%253A%252F%252Fglotorrents.pw%253A6969%252Fannounce%26tr%3Dudp%253A%252F%252Fopen.demonii.com%253A1337</url><id>cat_10517530</id>
</item>


cat_10517527

<item>
125.49<title>[JoyMii] Josephine (aka Connie Carter) (Favorite Mistress / 04.17.2015)</title><url>magnet%3A%3Fxt%3Durn%3Abtih%3A1C09B5E6017B713E0E2022E9E893EC0585439C84%26dn%3Djoymii%2Bjosephine%2Baka%2Bconnie%2Bcarter%2Bfavorite%2Bmistress%2B04%2B17%2B2015%26tr%3Dudp%253A%252F%252Fopen.demonii.com%253A1337%252Fannounce</url><id>cat_10517527</id>
</item>


cat_10517521

<item>
372.14<title>[Passion-HD] Anastasia Black (Afternoon Seduction / 04.17.2015)</title><url>magnet%3A%3Fxt%3Durn%3Abtih%3A5457520318C96FF3155BE4DE31D3BA3BBED678C8%26dn%3Dpassion%2Bhd%2Banastasia%2Bblack%2Bafternoon%2Bseduction%2B04%2B17%2B2015%26tr%3Dudp%253A%252F%252Ftracker4.piratux.com%253A6969%252Fannounce%26tr%3Dudp%253A%252F%252Fopen.demonii.com%253A1337</url><id>cat_10517521</id>
</item>


cat_10517454

<item>
287.24<title>[NuruMassage] Katrina Jade (Holiday Highlight / 04.17.2015)</title><url>magnet%3A%3Fxt%3Durn%3Abtih%3AC871932350C4E30D1CBE20FC6C8488495E5F299F%26dn%3Dnurumassage%2Bkatrina%2Bjade%2Bholiday%2Bhighlight%2B04%2B17%2B2015%26tr%3Dudp%253A%252F%252Ftracker4.piratux.com%253A6969%252Fannounce%26tr%3Dudp%253A%252F%252Fopen.demonii.com%253A1337</url><id>cat_10517454</id>
</item>


cat_10517432

<item>
665.77<title>[PublicAgent] Short haired woman fucks stranger for cash in his car (1286 / 04.17.2015)</title><url>magnet%3A%3Fxt%3Durn%3Abtih%3A07919C96DF0D8B90D286A09391359171ED5749F8%26dn%3Dpublicagent%2Bshort%2Bhaired%2Bwoman%2Bfucks%2Bstranger%2Bfor%2Bcash%2Bin%2Bhis%2Bcar%2B1286%2B04%2B17%2B2015%26tr%3Dudp%253A%252F%252Ftracker4.piratux.com%253A6969%252Fannounce%26tr%3Dudp%253A%252F%252Fopen.demonii.com%253A1337</url><id>cat_10517432</id>
</item>


cat_10517415

<item>
327.53<title>[HardX] Morgan Lee (Morgan Lee In &#039;Anal Roller Girl&#039; / 04.17.2015)</title><url>magnet%3A%3Fxt%3Durn%3Abtih%3A58AE87C27113A8CF783208B2B3FD896A538EACF4%26dn%3Dhardx%2Bmorgan%2Blee%2Bmorgan%2Blee%2Bin%2Banal%2Broller%2Bgirl%2B04%2B17%2B2015%26tr%3Dudp%253A%252F%252Fglotorrents.pw%253A6969%252Fannounce%26tr%3Dudp%253A%252F%252Fopen.demonii.com%253A1337</url><id>cat_10517415</id>
</item>


cat_10517359

<item>
545.71<title>[2ChicksSameTime] Aaliyah Love, Cherie DeVille (19497 / 04.17.2015)</title><url>magnet%3A%3Fxt%3Durn%3Abtih%3A8201774554A4D15F68DE5A7DBA0D6F418550AE8F%26dn%3D2chickssametime%2Baaliyah%2Blove%2Bcherie%2Bdeville%2B19497%2B04%2B17%2B2015%26tr%3Dudp%253A%252F%252Ftracker4.piratux.com%253A6969%252Fannounce%26tr%3Dudp%253A%252F%252Fopen.demonii.com%253A1337</url><id>cat_10517359</id>
</item>


cat_10517358

<item>
197.77<title>[2ChicksSameTime] Aaliyah Love, Cherie DeVille (19497 / 04.17.2015)</title><url>magnet%3A%3Fxt%3Durn%3Abtih%3AA96D1E8F00EF0FA3D4C0E6BBEBBFA28968421FED%26dn%3D2chickssametime%2Baaliyah%2Blove%2Bcherie%2Bdeville%2B19497%2B04%2B17%2B2015%26tr%3Dudp%253A%252F%252Ftracker4.piratux.com%253A6969%252Fannounce%26tr%3Dudp%253A%252F%252Fopen.demonii.com%253A1337</url><id>cat_10517358</id>
</item>


cat_10517346

<item>
622.78<title>[MyFirstSexTeacher] Jessica Jaymes (19521 / 04.17.2015)</title><url>magnet%3A%3Fxt%3Durn%3Abtih%3A96E78FFD2C046A1B17FA25D0AAF0C1A61EF24F8F%26dn%3Dmyfirstsexteacher%2Bjessica%2Bjaymes%2B19521%2B04%2B17%2B2015%26tr%3Dhttp%253A%252F%252Fbt.unionpron.org%253A444%252Fannounce%26tr%3Dudp%253A%252F%252Fopen.demonii.com%253A1337</url><id>cat_10517346</id>
</item>


cat_10517345

<item>
226.01<title>[MyFirstSexTeacher] Jessica Jaymes (19521 / 04.17.2015)</title><url>magnet%3A%3Fxt%3Durn%3Abtih%3AB0BD570C582FD599D9C916ED5281E8BE103A3F8C%26dn%3Dmyfirstsexteacher%2Bjessica%2Bjaymes%2B19521%2B04%2B17%2B2015%26tr%3Dudp%253A%252F%252Ftracker4.piratux.com%253A6969%252Fannounce%26tr%3Dudp%253A%252F%252Fopen.demonii.com%253A1337</url><id>cat_10517345</id>
</item>


cat_10517333

<item>
577.94<title>[IHaveAWife] Romi Rain (19515 / 04.17.2015)</title><url>magnet%3A%3Fxt%3Durn%3Abtih%3A93E587E80E32AF40F65440CF221336F8E915DD9F%26dn%3Dihaveawife%2Bromi%2Brain%2B19515%2B04%2B17%2B2015%26tr%3Dudp%253A%252F%252Ftracker4.piratux.com%253A6969%252Fannounce%26tr%3Dudp%253A%252F%252Fopen.demonii.com%253A1337</url><id>cat_10517333</id>
</item>


cat_10517332

<item>
211.76<title>[IHaveAWife] Romi Rain (19515 / 04.17.2015)</title><url>magnet%3A%3Fxt%3Durn%3Abtih%3AE28476C8B41AFC9DC2F5305BB7838D608573D16C%26dn%3Dihaveawife%2Bromi%2Brain%2B19515%2B04%2B17%2B2015%26tr%3Dudp%253A%252F%252Fpornleech.com%253A2710%252Fannounce%26tr%3Dudp%253A%252F%252Fopen.demonii.com%253A1337</url><id>cat_10517332</id>
</item>


cat_10517310

<item>
468.37<title>[JoyMii] Josephine (aka Connie Carter) (Favorite Mistress / 04.17.2015)</title><url>magnet%3A%3Fxt%3Durn%3Abtih%3A893990B346C0D701434F687013468E54457086BF%26dn%3Djoymii%2Bjosephine%2Baka%2Bconnie%2Bcarter%2Bfavorite%2Bmistress%2B04%2B17%2B2015%26tr%3Dhttp%253A%252F%252Fpornforall.net%252Fannounce.php%253Fpasskey%253Dfe9de3abd223382ca032240909507a42%26tr%3Dudp%253A%252F%252Fopen.demonii.com%253A1337</url><id>cat_10517310</id>
</item>


cat_10517301

<item>
243.71<title>[JoyMii] Josephine (aka Connie Carter) (Favorite Mistress / 04.17.2015)</title><url>magnet%3A%3Fxt%3Durn%3Abtih%3A52F57F0778720EF4B0953CDCC4F74CD03AD8FBB8%26dn%3Djoymii%2Bjosephine%2Baka%2Bconnie%2Bcarter%2Bfavorite%2Bmistress%2B04%2B17%2B2015%26tr%3Dudp%253A%252F%252Ftracker4.piratux.com%253A6969%252Fannounce%26tr%3Dudp%253A%252F%252Fopen.demonii.com%253A1337</url><id>cat_10517301</id>
</item>


cat_10517277

<item>
360.98<title>[Babes] Julia De Lucia (My Body&#039;s Telling Me Yes / 04.17.2015)</title><url>magnet%3A%3Fxt%3Durn%3Abtih%3AA9ECFEAB16299BEA1D8653D3D0864C2323DC2994%26dn%3Dbabes%2Bjulia%2Bde%2Blucia%2Bmy%2Bbody%2Bs%2Btelling%2Bme%2Byes%2B04%2B17%2B2015%26tr%3Dhttp%253A%252F%252Fbt.nntt.org%252Fannounce%253Fuk%253Db5b3641a04d5340666aece32a7812bf8%26tr%3Dudp%253A%252F%252Fopen.demonii.com%253A1337</url><id>cat_10517277</id>
</item>


cat_10517276

<item>
120.17<title>[Babes] Julia De Lucia (My Body&#039;s Telling Me Yes / 04.17.2015)</title><url>magnet%3A%3Fxt%3Durn%3Abtih%3ABDA94EC03614006CBE7D7272452BD8712C3DD3A3%26dn%3Dbabes%2Bjulia%2Bde%2Blucia%2Bmy%2Bbody%2Bs%2Btelling%2Bme%2Byes%2B04%2B17%2B2015%26tr%3Dudp%253A%252F%252Ftracker4.piratux.com%253A6969%252Fannounce%26tr%3Dudp%253A%252F%252Fopen.demonii.com%253A1337</url><id>cat_10517276</id>
</item>


cat_10517251

<item>
517.55<title>[PornstarsLikeItBig] Summer Brielle (Pornstars Anonymous / 04.17.2015)</title><url>magnet%3A%3Fxt%3Durn%3Abtih%3A920A961E05D8B56357B969D7D2E6C90D9C4B897C%26dn%3Dpornstarslikeitbig%2Bsummer%2Bbrielle%2Bpornstars%2Banonymous%2B04%2B17%2B2015%26tr%3Dhttp%253A%252F%252Fbt.unionpron.org%253A444%252Fannounce%26tr%3Dudp%253A%252F%252Fopen.demonii.com%253A1337</url><id>cat_10517251</id>
</item>


cat_10517184

<item>
768.68<title>[HandsOnHardcore] Elle Brook and Rosses (Ride That Sausage / 04.17.2015)</title><url>magnet%3A%3Fxt%3Durn%3Abtih%3AB95B4E516B97DFB28BD6823CBE0B9CB1C0F9069F%26dn%3Dhandsonhardcore%2Belle%2Bbrook%2Band%2Brosses%2Bride%2Bthat%2Bsausage%2B04%2B17%2B2015%26tr%3Dudp%253A%252F%252Fglotorrents.pw%253A6969%252Fannounce%26tr%3Dudp%253A%252F%252Fopen.demonii.com%253A1337</url><id>cat_10517184</id>
</item>


cat_10517120

<item>
356.37<title>[EroticaX] Keisha Grey (Summer Night Romance / 04.17.2015)</title><url>magnet%3A%3Fxt%3Durn%3Abtih%3ADDA32D0869DD1C8683AE8AB759843DF63E5BD47B%26dn%3Deroticax%2Bkeisha%2Bgrey%2Bsummer%2Bnight%2Bromance%2B04%2B17%2B2015%26tr%3Dudp%253A%252F%252Fglotorrents.pw%253A6969%252Fannounce%26tr%3Dudp%253A%252F%252Fopen.demonii.com%253A1337</url><id>cat_10517120</id>
</item>


cat_10517107

<item>
522.55<title>[RoundAndBrown] Naomi Gamble, Vixen Vanity (Laying Pretty / 04.17.2015)</title><url>magnet%3A%3Fxt%3Durn%3Abtih%3A8DB5AB47647BD3DEFF52934447C648D2A6F1064E%26dn%3Droundandbrown%2Bnaomi%2Bgamble%2Bvixen%2Bvanity%2Blaying%2Bpretty%2B04%2B17%2B2015%26tr%3Dudp%253A%252F%252Ftracker4.piratux.com%253A6969%252Fannounce%26tr%3Dudp%253A%252F%252Fopen.demonii.com%253A1337</url><id>cat_10517107</id>
</item>


cat_10517101

<item>
394.31<title>[8thStreetLatinas] Nicki Ortega, Jaye Summers (Hump Day / 04.17.2015)</title><url>magnet%3A%3Fxt%3Durn%3Abtih%3AEA5AE007DD13F351C4E4C8F7B55D91E337A14BD1%26dn%3D8thstreetlatinas%2Bnicki%2Bortega%2Bjaye%2Bsummers%2Bhump%2Bday%2B04%2B17%2B2015%26tr%3Dudp%253A%252F%252Ftracker4.piratux.com%253A6969%252Fannounce%26tr%3Dudp%253A%252F%252Fopen.demonii.com%253A1337</url><id>cat_10517101</id>
</item>


cat_10517091

<item>
276.18<title>[PornstarsLikeItBig] Summer Brielle (Pornstars Anonymous / 04.17.2015)</title><url>magnet%3A%3Fxt%3Durn%3Abtih%3A3DD9A882941CB9D490DA3C40BFEC5852AC8B549A%26dn%3Dpornstarslikeitbig%2Bsummer%2Bbrielle%2Bpornstars%2Banonymous%2B04%2B17%2B2015%26tr%3Dudp%253A%252F%252Ftracker4.piratux.com%253A6969%252Fannounce%26tr%3Dudp%253A%252F%252Fopen.demonii.com%253A1337</url><id>cat_10517091</id>
</item>


cat_10517090

<item>
517.62<title>[ZZSeries] Alektra Blue, Ava Addams, Dani Daniels, Gianna Nicole, Kayla Kayden, Kaylani Lei , Missy Martinez, Nikki Benz, Phoenix Marie, Romi Rain, Tory Lane (Brazzers House Brazzers House Episode Five / 04.17.2015)</title><url>magnet%3A%3Fxt%3Durn%3Abtih%3AFC7A170DF9580D123236B36FF1095EC5BE921EEB%26dn%3Dzzseries%2Balektra%2Bblue%2Bava%2Baddams%2Bdani%2Bdaniels%2Bgianna%2Bnicole%2Bkayla%2Bkayden%2Bkaylani%2Blei%2Bmissy%2Bmartinez%2Bnikki%2Bbenz%2Bphoenix%2Bmarie%2Bromi%2Brain%2Btory%2Blane%2Bbrazzers%2Bhouse%2Bbrazzers%2Bhouse%2Bepisode%2Bfive%2B04%2B17%2B2015%26tr%3Dudp%253A%252F%252Fopen.demonii.com%253A1337%252Fannounce</url><id>cat_10517090</id>
</item>


cat_10517086

<item>
406.38<title>[LatinaSexTapes] Mila (Spicy Mila is Dripping Wet / 04.17.2015)</title><url>magnet%3A%3Fxt%3Durn%3Abtih%3A524156C9383F1B99646F317A5054E855F15CFDEB%26dn%3Dlatinasextapes%2Bmila%2Bspicy%2Bmila%2Bis%2Bdripping%2Bwet%2B04%2B17%2B2015%26tr%3Dudp%253A%252F%252Ftracker4.piratux.com%253A6969%252Fannounce%26tr%3Dudp%253A%252F%252Fopen.demonii.com%253A1337</url><id>cat_10517086</id>
</item>


cat_10517041

<item>
1020.83<title>[ExploitedCollegeGirls] Kylie (Anal Queen Kylie / 04.16.2015)</title><url>magnet%3A%3Fxt%3Durn%3Abtih%3A26D61FE1C99428B61EA92BE8C23FB55ADFA7D6B9%26dn%3Dexploitedcollegegirls%2Bkylie%2Banal%2Bqueen%2Bkylie%2B04%2B16%2B2015%26tr%3Dudp%253A%252F%252Ftracker4.piratux.com%253A6969%252Fannounce%26tr%3Dudp%253A%252F%252Fopen.demonii.com%253A1337</url><id>cat_10517041</id>
</item>


cat_10517013

<item>
188.35<title>[DorcelClub] Daniella Rose (Peep Show Fantasy / 04.16.2015)</title><url>magnet%3A%3Fxt%3Durn%3Abtih%3A6226CAD81CBAA7EA182C4DA2F983D7B4FCD63A93%26dn%3Ddorcelclub%2Bdaniella%2Brose%2Bpeep%2Bshow%2Bfantasy%2B04%2B16%2B2015%26tr%3Dudp%253A%252F%252Ftracker4.piratux.com%253A6969%252Fannounce%26tr%3Dudp%253A%252F%252Fopen.demonii.com%253A1337</url><id>cat_10517013</id>
</item>


cat_10516999

<item>
326.42<title>[18YearsOld] Sierra Nevadah (Shower &amp; Pussy / 04.17.2015)</title><url>magnet%3A%3Fxt%3Durn%3Abtih%3A279316F55F16B1274F44F8B19BA887E4C766B621%26dn%3D18yearsold%2Bsierra%2Bnevadah%2Bshower%2Bpussy%2B04%2B17%2B2015%26tr%3Dudp%253A%252F%252Ftracker4.piratux.com%253A6969%252Fannounce%26tr%3Dudp%253A%252F%252Fopen.demonii.com%253A1337</url><id>cat_10516999</id>
</item>


cat_10516971

<item>
704.16<title>[WowGirls] Dakota Skye (I&#039;m Yours / 04.17.2015)</title><url>magnet%3A%3Fxt%3Durn%3Abtih%3A4388AF8E6A62758F53E743BEF6059623AB1A8381%26dn%3Dwowgirls%2Bdakota%2Bskye%2Bi%2Bm%2Byours%2B04%2B17%2B2015%26tr%3Dhttp%253A%252F%252Fpornograd.net%252Fbt%252Fannounce.php%253Fuk%253DGtH8f69wJn%26tr%3Dudp%253A%252F%252Fopen.demonii.com%253A1337</url><id>cat_10516971</id>
</item>


cat_10516969

<item>
961.25<title>[18YearsOld] Sierra Nevadah (Shower &amp; Pussy / 04.17.2015)</title><url>magnet%3A%3Fxt%3Durn%3Abtih%3AC07A1DC55C919F81D67B3432B8F7956E1799E006%26dn%3D18yearsold%2Bsierra%2Bnevadah%2Bshower%2Bpussy%2B04%2B17%2B2015%26tr%3Dhttp%253A%252F%252Fpornograd.net%252Fbt%252Fannounce.php%253Fuk%253DGtH8f69wJn%26tr%3Dudp%253A%252F%252Fopen.demonii.com%253A1337</url><id>cat_10516969</id>
</item>


cat_10516962

<item>
354.83<title>[WowGirls] Dakota Skye (I&#039;m Yours / 04.17.2015)</title><url>magnet%3A%3Fxt%3Durn%3Abtih%3AEE24984E39576A317173AB52CF8E5F12BA090354%26dn%3Dwowgirls%2Bdakota%2Bskye%2Bi%2Bm%2Byours%2B04%2B17%2B2015%26tr%3Dudp%253A%252F%252Ftracker4.piratux.com%253A6969%252Fannounce%26tr%3Dudp%253A%252F%252Fopen.demonii.com%253A1337</url><id>cat_10516962</id>
</item>


cat_10516961

<item>
497.27<title>[18YearsOld] Sierra Nevadah (Shower &amp; Pussy / 04.17.2015)</title><url>magnet%3A%3Fxt%3Durn%3Abtih%3AE945DDBDBCC7143D5683CFB879AC3E4B8A3B65E8%26dn%3D18yearsold%2Bsierra%2Bnevadah%2Bshower%2Bpussy%2B04%2B17%2B2015%26tr%3Dudp%253A%252F%252Ftracker4.piratux.com%253A6969%252Fannounce%26tr%3Dudp%253A%252F%252Fopen.demonii.com%253A1337</url><id>cat_10516961</id>
</item>


cat_10516958

<item>
835.74<title>[MomPov] Monae (44 year old voluptuous black momma / 04.14.2015)</title><url>magnet%3A%3Fxt%3Durn%3Abtih%3A75AAB5C0775E64D0DCA44BB74BE117521888C4EB%26dn%3Dmompov%2Bmonae%2B44%2Byear%2Bold%2Bvoluptuous%2Bblack%2Bmomma%2B04%2B14%2B2015%26tr%3Dudp%253A%252F%252Ftracker4.piratux.com%253A6969%252Fannounce%26tr%3Dudp%253A%252F%252Fopen.demonii.com%253A1337</url><id>cat_10516958</id>
</item>


cat_10516957

<item>
390.61<title>[FullyClothedSex] Miss Piss, Francesca Felucci (Pretty Hos In Pretty Clothes / 04.16.2015)</title><url>magnet%3A%3Fxt%3Durn%3Abtih%3A8D276362D5E5A33CE241343971244EA420B2F304%26dn%3Dfullyclothedsex%2Bmiss%2Bpiss%2Bfrancesca%2Bfelucci%2Bpretty%2Bhos%2Bin%2Bpretty%2Bclothes%2B04%2B16%2B2015%26tr%3Dudp%253A%252F%252Ftracker4.piratux.com%253A6969%252Fannounce%26tr%3Dudp%253A%252F%252Fopen.demonii.com%253A1337</url><id>cat_10516957</id>
</item>


cat_10516946

<item>
185.21<title>[LaFRANCEaPoil] Lisa (Sexy French Babe Does Anal)</title><url>magnet%3A%3Fxt%3Durn%3Abtih%3AB4D335149B5970D8D9EF27FCD6780AB3339722C1%26dn%3Dlafranceapoil%2Blisa%2Bsexy%2Bfrench%2Bbabe%2Bdoes%2Banal%26tr%3Dudp%253A%252F%252Ftracker4.piratux.com%253A6969%252Fannounce%26tr%3Dudp%253A%252F%252Fopen.demonii.com%253A1337</url><id>cat_10516946</id>
</item>


cat_10516939

<item>
380.35<title>[JacquieetMichelTV] Zoe (19 Year Old Anal)</title><url>magnet%3A%3Fxt%3Durn%3Abtih%3A3E1D17D768322CD4A375F06D041FFA8F3ED42939%26dn%3Djacquieetmicheltv%2Bzoe%2B19%2Byear%2Bold%2Banal%26tr%3Dudp%253A%252F%252Ftracker4.piratux.com%253A6969%252Fannounce%26tr%3Dudp%253A%252F%252Fopen.demonii.com%253A1337</url><id>cat_10516939</id>
</item>


cat_10515943

<item>
228.95<title>[WeLiveTogether] Chloe Lynn, Rahyndee (Hot Socks / 04.16.2015)</title><url>magnet%3A%3Fxt%3Durn%3Abtih%3AF9FF5CF9A709ECB73A68C66FE2D34A6A34B66420%26dn%3Dwelivetogether%2Bchloe%2Blynn%2Brahyndee%2Bhot%2Bsocks%2B04%2B16%2B2015%26tr%3Dudp%253A%252F%252Ftracker4.piratux.com%253A6969%252Fannounce%26tr%3Dudp%253A%252F%252Fopen.demonii.com%253A1337</url><id>cat_10515943</id>
</item>


cat_10515931

<item>
252.68<title>[Tiny4k] Lyn Hoyt (Stretched Out / 04.16.2015)</title><url>magnet%3A%3Fxt%3Durn%3Abtih%3AB4F1194932D339AF303174399E1673D1A081B7CB%26dn%3Dtiny4k%2Blyn%2Bhoyt%2Bstretched%2Bout%2B04%2B16%2B2015%26tr%3Dudp%253A%252F%252Ftracker4.piratux.com%253A6969%252Fannounce%26tr%3Dudp%253A%252F%252Fopen.demonii.com%253A1337</url><id>cat_10515931</id>
</item>


cat_10515924

<item>
266.58<title>[TeenBFF] Anita Bellini, Lola Reve (Ping Pong Action / 04.16.2015)</title><url>magnet%3A%3Fxt%3Durn%3Abtih%3AFD33108272CCE2330FAFEF8EB4005BE103958708%26dn%3Dteenbff%2Banita%2Bbellini%2Blola%2Breve%2Bping%2Bpong%2Baction%2B04%2B16%2B2015%26tr%3Dudp%253A%252F%252Ftracker4.piratux.com%253A6969%252Fannounce%26tr%3Dudp%253A%252F%252Fopen.demonii.com%253A1337</url><id>cat_10515924</id>
</item>


cat_10515916

<item>
238<title>[PervsOnPatrol] Carrie Brooks (My Roommate&#039;s a Dirty Whore / 04.16.2015)</title><url>magnet%3A%3Fxt%3Durn%3Abtih%3A5ADC93913C434A6434ADAA906E35B2D2F7CE6999%26dn%3Dpervsonpatrol%2Bcarrie%2Bbrooks%2Bmy%2Broommate%2Bs%2Ba%2Bdirty%2Bwhore%2B04%2B16%2B2015%26tr%3Dudp%253A%252F%252Ftracker4.piratux.com%253A6969%252Fannounce%26tr%3Dudp%253A%252F%252Fopen.demonii.com%253A1337</url><id>cat_10515916</id>
</item>


cat_10515671

<item>
320.81<title>[ExxxtraSmall] Hollie Mack (Fantasy Becomes Reality / 04.16.2015)</title><url>magnet%3A%3Fxt%3Durn%3Abtih%3AEC22AAF87761692119AE6C34090A8FC44FCF8154%26dn%3Dexxxtrasmall%2Bhollie%2Bmack%2Bfantasy%2Bbecomes%2Breality%2B04%2B16%2B2015%26tr%3Dudp%253A%252F%252Fopen.demonii.com%253A1337%252Fannounce</url><id>cat_10515671</id>
</item>


cat_10515620

<item>
272.96<title>[Blacked] Cassidy Klein (My Girlfriends Hot Sister Loves BBC! / 04.16.2015)</title><url>magnet%3A%3Fxt%3Durn%3Abtih%3A1433282CFA98528B661B1CFE4773F70E9D6C4032%26dn%3Dblacked%2Bcassidy%2Bklein%2Bmy%2Bgirlfriends%2Bhot%2Bsister%2Bloves%2Bbbc%2B04%2B16%2B2015%26tr%3Dudp%253A%252F%252Ftracker4.piratux.com%253A6969%252Fannounce%26tr%3Dudp%253A%252F%252Fopen.demonii.com%253A1337</url><id>cat_10515620</id>
</item>


cat_10515605

<item>
529.29<title>[Blacked] Cassidy Klein (My Girlfriends Hot Sister Loves BBC! / 04.16.2015)</title><url>magnet%3A%3Fxt%3Durn%3Abtih%3A9E501F25D899DF0D0EDDB8ED4A6657703313AF93%26dn%3Dblacked%2Bcassidy%2Bklein%2Bmy%2Bgirlfriends%2Bhot%2Bsister%2Bloves%2Bbbc%2B04%2B16%2B2015%26tr%3Dudp%253A%252F%252Ftracker4.piratux.com%253A6969%252Fannounce%26tr%3Dudp%253A%252F%252Fopen.demonii.com%253A1337</url><id>cat_10515605</id>
</item>


cat_10515603

<item>
518.85<title>[ExxxtraSmall] Hollie Mack (Fantasy Becomes Reality / 04.16.2015)</title><url>magnet%3A%3Fxt%3Durn%3Abtih%3A0B4BF8D0871FCB66C1B7943804F555BD6F8AB673%26dn%3Dexxxtrasmall%2Bhollie%2Bmack%2Bfantasy%2Bbecomes%2Breality%2B04%2B16%2B2015%26tr%3Dhttp%253A%252F%252Fbt.unionpron.org%253A444%252Fannounce%26tr%3Dudp%253A%252F%252Fopen.demonii.com%253A1337</url><id>cat_10515603</id>
</item>


cat_10515602

<item>
164.38<title>[ExxxtraSmall] Hollie Mack (Fantasy Becomes Reality / 04.16.2015)</title><url>magnet%3A%3Fxt%3Durn%3Abtih%3A92563D03C1D671D057A39C84678E8D1371CA5A78%26dn%3Dexxxtrasmall%2Bhollie%2Bmack%2Bfantasy%2Bbecomes%2Breality%2B04%2B16%2B2015%26tr%3Dudp%253A%252F%252Ftracker4.piratux.com%253A6969%252Fannounce%26tr%3Dudp%253A%252F%252Fopen.demonii.com%253A1337</url><id>cat_10515602</id>
</item>


cat_10515588

<item>
350.65<title>[DaneJones] Lexi Dona (XO / s1631 / 04.16.2015)</title><url>magnet%3A%3Fxt%3Durn%3Abtih%3AB374368130635B3F3153C39DADF0E059209DF6F7%26dn%3Ddanejones%2Blexi%2Bdona%2Bxo%2Bs1631%2B04%2B16%2B2015%26tr%3Dudp%253A%252F%252Ftracker4.piratux.com%253A6969%252Fannounce%26tr%3Dudp%253A%252F%252Fopen.demonii.com%253A1337</url><id>cat_10515588</id>
</item>


cat_10515558

<item>
495.04<title>[BoobDay] Sara May (New Boobs, New Life / 04.16.2015)</title><url>magnet%3A%3Fxt%3Durn%3Abtih%3AD4F1F874275E12778C7E93C10BEC274EBE469EA1%26dn%3Dboobday%2Bsara%2Bmay%2Bnew%2Bboobs%2Bnew%2Blife%2B04%2B16%2B2015%26tr%3Dudp%253A%252F%252Ftracker4.piratux.com%253A6969%252Fannounce%26tr%3Dudp%253A%252F%252Fopen.demonii.com%253A1337</url><id>cat_10515558</id>
</item>


cat_10515525

<item>
348.23<title>[BigTitCreamPie] Riley Jenner (Anal Sex and a Creampie / btcp14027 / 04.16.2015)</title><url>magnet%3A%3Fxt%3Durn%3Abtih%3A76A59D603C04E30F296C765473B74634CBAF3828%26dn%3Dbigtitcreampie%2Briley%2Bjenner%2Banal%2Bsex%2Band%2Ba%2Bcreampie%2Bbtcp14027%2B04%2B16%2B2015%26tr%3Dudp%253A%252F%252Ftracker4.piratux.com%253A6969%252Fannounce%26tr%3Dudp%253A%252F%252Fopen.demonii.com%253A1337</url><id>cat_10515525</id>
</item>


cat_10515524

<item>
251.92<title>[BigTitCreamPie] Riley Jenner (Anal Sex and a Creampie / btcp14027 / 04.16.2015)</title><url>magnet%3A%3Fxt%3Durn%3Abtih%3A208ADD86267F1B10045094EA698F3A3B20919CFE%26dn%3Dbigtitcreampie%2Briley%2Bjenner%2Banal%2Bsex%2Band%2Ba%2Bcreampie%2Bbtcp14027%2B04%2B16%2B2015%26tr%3Dudp%253A%252F%252Ftracker4.piratux.com%253A6969%252Fannounce%26tr%3Dudp%253A%252F%252Fopen.demonii.com%253A1337</url><id>cat_10515524</id>
</item>


cat_10515503

<item>
405.88<title>[EvilAngel] Vicki Chase (Anal Required 5 / 04.16.2015)</title><url>magnet%3A%3Fxt%3Durn%3Abtih%3A348632E3B9CE48392543D2E6962E49A0B420FF75%26dn%3Devilangel%2Bvicki%2Bchase%2Banal%2Brequired%2B5%2B04%2B16%2B2015%26tr%3Dudp%253A%252F%252Ftracker4.piratux.com%253A6969%252Fannounce%26tr%3Dudp%253A%252F%252Fopen.demonii.com%253A1337</url><id>cat_10515503</id>
</item>


cat_10512100

<item>
585.03<title>[MyFriendsHotMom] Lezley Zen (19511 / 04.16.2015)</title><url>magnet%3A%3Fxt%3Durn%3Abtih%3A44E6B51A0B407C395FE11F6AF52E9F02962BE364%26dn%3Dmyfriendshotmom%2Blezley%2Bzen%2B19511%2B04%2B16%2B2015%26tr%3Dudp%253A%252F%252Ftracker4.piratux.com%253A6969%252Fannounce%26tr%3Dudp%253A%252F%252Fopen.demonii.com%253A1337</url><id>cat_10512100</id>
</item>


