cat_9752772

<item>
445.88<title>[BigWetButts] Rachel Starr, Eva Angelina, Carmella Bing (Big Butt Extravaganza!!!)</title><url>magnet%3A%3Fxt%3Durn%3Abtih%3A532128AE04019E398F6D98EC800EDE02F64EE72A%26dn%3Dbigwetbutts%2Brachel%2Bstarr%2Beva%2Bangelina%2Bcarmella%2Bbing%2Bbig%2Bbutt%2Bextravaganza%26tr%3Dhttp%253A%252F%252Ftracker.trackerfix.com%252Fannounce%26tr%3Dudp%253A%252F%252Fopen.demonii.com%253A1337</url><id>cat_9752772</id>
</item>


cat_9752202

<item>
301.70<title>[NubileFilms] Emily Grey (Passionate Awakening / 10.24.2014)</title><url>magnet%3A%3Fxt%3Durn%3Abtih%3AB33A4C5F1953E2908DF4C13CE3ED20DCE1214C16%26dn%3Dnubilefilms%2Bemily%2Bgrey%2Bpassionate%2Bawakening%2B10%2B24%2B2014%26tr%3Dhttp%253A%252F%252Ftracker.trackerfix.com%252Fannounce%26tr%3Dudp%253A%252F%252Fopen.demonii.com%253A1337</url><id>cat_9752202</id>
</item>


cat_9752089

<item>
689.41<title>[StrandedTeens] Corinna Blake (Off-Duty Lifeguard Gets Rescued / 10.24.2014)</title><url>magnet%3A%3Fxt%3Durn%3Abtih%3A61ADFDF94F4F7FD6E2FE9AA757E0C9E824E84E46%26dn%3Dstrandedteens%2Bcorinna%2Bblake%2Boff%2Bduty%2Blifeguard%2Bgets%2Brescued%2B10%2B24%2B2014%26tr%3Dhttp%253A%252F%252Ftracker.trackerfix.com%252Fannounce%26tr%3Dudp%253A%252F%252Fopen.demonii.com%253A1337</url><id>cat_9752089</id>
</item>


cat_9752084

<item>
367.64<title>[StrandedTeens] Corinna Blake (Off-Duty Lifeguard Gets Rescued / 10.24.2014)</title><url>magnet%3A%3Fxt%3Durn%3Abtih%3ABC152DA23CAD2471C4C4EFF514CE779A325241DC%26dn%3Dstrandedteens%2Bcorinna%2Bblake%2Boff%2Bduty%2Blifeguard%2Bgets%2Brescued%2B10%2B24%2B2014%26tr%3Dhttp%253A%252F%252Ftracker.trackerfix.com%252Fannounce%26tr%3Dudp%253A%252F%252Fopen.demonii.com%253A1337</url><id>cat_9752084</id>
</item>


cat_9752076

<item>
207.25<title>[Housewife1On1] Alison Tyler, Jada Stevens (18755 / 10.24.2014)</title><url>magnet%3A%3Fxt%3Durn%3Abtih%3A6541CE5820EFCA6F7968F3C0BF7EEBA64DFF0918%26dn%3Dhousewife1on1%2Balison%2Btyler%2Bjada%2Bstevens%2B18755%2B10%2B24%2B2014%26tr%3Dhttp%253A%252F%252Ftracker.trackerfix.com%252Fannounce%26tr%3Dudp%253A%252F%252Fopen.demonii.com%253A1337</url><id>cat_9752076</id>
</item>


cat_9752063

<item>
195.65<title>[DiaryofaNanny] Tasha Reign (18767 / 10.24.2014)</title><url>magnet%3A%3Fxt%3Durn%3Abtih%3AF7F04284707182B8CFD7F5E7C52B5386980DBA23%26dn%3Ddiaryofananny%2Btasha%2Breign%2B18767%2B10%2B24%2B2014%26tr%3Dhttp%253A%252F%252Ftracker.trackerfix.com%252Fannounce%26tr%3Dudp%253A%252F%252Fopen.demonii.com%253A1337</url><id>cat_9752063</id>
</item>


cat_9752049

<item>
278.20<title>[MyFriendsHotGirl] Cherry Morgan (18761 / 10.24.2014)</title><url>magnet%3A%3Fxt%3Durn%3Abtih%3AC9A3AD8753D96549D625BAD0241213A86A896BED%26dn%3Dmyfriendshotgirl%2Bcherry%2Bmorgan%2B18761%2B10%2B24%2B2014%26tr%3Dhttp%253A%252F%252Ftracker.trackerfix.com%252Fannounce%26tr%3Dudp%253A%252F%252Fopen.demonii.com%253A1337</url><id>cat_9752049</id>
</item>


cat_9752039

<item>
160<title>[JoyMii] Josephine (aka Connie Carter) (Boob Job / 10.24.2014)</title><url>magnet%3A%3Fxt%3Durn%3Abtih%3A8D076689D0151BBFD689D1F754D835EA41E3E5EC%26dn%3Djoymii%2Bjosephine%2Baka%2Bconnie%2Bcarter%2Bboob%2Bjob%2B10%2B24%2B2014%26tr%3Dhttp%253A%252F%252Ftracker.trackerfix.com%252Fannounce%26tr%3Dudp%253A%252F%252Fopen.demonii.com%253A1337</url><id>cat_9752039</id>
</item>


cat_9752010

<item>
571.31<title>[Housewife1On1] Alison Tyler, Jada Stevens (18755 / 10.24.2014)</title><url>magnet%3A%3Fxt%3Durn%3Abtih%3A5A546D36DD336DF922D2D414FA8FE842C031DB93%26dn%3Dhousewife1on1%2Balison%2Btyler%2Bjada%2Bstevens%2B18755%2B10%2B24%2B2014%26tr%3Dhttp%253A%252F%252Ftracker.trackerfix.com%252Fannounce%26tr%3Dudp%253A%252F%252Fopen.demonii.com%253A1337</url><id>cat_9752010</id>
</item>


cat_9751992

<item>
256.54<title>[MyFriendsHotMom] McKenzie Lee (18757 / 10.24.2014)</title><url>magnet%3A%3Fxt%3Durn%3Abtih%3ABE2DFDF8C355AEB04D2155BA641093031D961F84%26dn%3Dmyfriendshotmom%2Bmckenzie%2Blee%2B18757%2B10%2B24%2B2014%26tr%3Dhttp%253A%252F%252Ftracker.trackerfix.com%252Fannounce%26tr%3Dudp%253A%252F%252Fopen.demonii.com%253A1337</url><id>cat_9751992</id>
</item>


cat_9751896

<item>
252.27<title>[Babes] Violette (Opening Violette / 10.24.2014)</title><url>magnet%3A%3Fxt%3Durn%3Abtih%3ABD8FAE5F49DC564554CF55C54D77DE3E06B33B32%26dn%3Dbabes%2Bviolette%2Bopening%2Bviolette%2B10%2B24%2B2014%26tr%3Dhttp%253A%252F%252Ftracker.trackerfix.com%252Fannounce%26tr%3Dudp%253A%252F%252Fopen.demonii.com%253A1337</url><id>cat_9751896</id>
</item>


cat_9751895

<item>
759.53<title>[MyFriendsHotGirl] Cherry Morgan (18761 / 10.08.2014)</title><url>magnet%3A%3Fxt%3Durn%3Abtih%3A1246ED82813278746560148A7F14000D9C75035F%26dn%3Dmyfriendshotgirl%2Bcherry%2Bmorgan%2B18761%2B10%2B08%2B2014%26tr%3Dudp%253A%252F%252Fpornleech.com%253A2710%252Fannounce%26tr%3Dudp%253A%252F%252Fopen.demonii.com%253A1337</url><id>cat_9751895</id>
</item>


cat_9751879

<item>
531.92<title>[ZZSeries] Kleio Valentien (American Whore Story Part Four / 10.24.2014)</title><url>magnet%3A%3Fxt%3Durn%3Abtih%3AFFC8F3E608119A50CC4573169F49D9F871609FA9%26dn%3Dzzseries%2Bkleio%2Bvalentien%2Bamerican%2Bwhore%2Bstory%2Bpart%2Bfour%2B10%2B24%2B2014%26tr%3Dhttp%253A%252F%252Ftracker.trackerfix.com%252Fannounce%26tr%3Dudp%253A%252F%252Fopen.demonii.com%253A1337</url><id>cat_9751879</id>
</item>


cat_9751868

<item>
576.53<title>[RealWifeStories] Ava Addams (Double Timing Wife Part Two / 10.24.2014)</title><url>magnet%3A%3Fxt%3Durn%3Abtih%3AE70B2D4C5C83E247B2FF708E1D9373F64835FD7E%26dn%3Drealwifestories%2Bava%2Baddams%2Bdouble%2Btiming%2Bwife%2Bpart%2Btwo%2B10%2B24%2B2014%26tr%3Dhttp%253A%252F%252Ftracker.trackerfix.com%252Fannounce%26tr%3Dudp%253A%252F%252Fopen.demonii.com%253A1337</url><id>cat_9751868</id>
</item>


cat_9751852

<item>
362.43<title>[RoundAndBrown] Jayla Foxx, Harley Dean (Bite me / 10.24.2014)</title><url>magnet%3A%3Fxt%3Durn%3Abtih%3AF52C3DFDF910232ABBB1CB922DBB5E90F1805585%26dn%3Droundandbrown%2Bjayla%2Bfoxx%2Bharley%2Bdean%2Bbite%2Bme%2B10%2B24%2B2014%26tr%3Dhttp%253A%252F%252Ftracker.trackerfix.com%252Fannounce%26tr%3Dudp%253A%252F%252Fopen.demonii.com%253A1337</url><id>cat_9751852</id>
</item>


cat_9751849

<item>
353.76<title>[8thStreetLatinas] Anaya Rose (Beautiful Back / 10.24.2014)</title><url>magnet%3A%3Fxt%3Durn%3Abtih%3ABC69A69E187AF946C1EA2464EF081BE6A1C1BA06%26dn%3D8thstreetlatinas%2Banaya%2Brose%2Bbeautiful%2Bback%2B10%2B24%2B2014%26tr%3Dhttp%253A%252F%252Ftracker.trackerfix.com%252Fannounce%26tr%3Dudp%253A%252F%252Fopen.demonii.com%253A1337</url><id>cat_9751849</id>
</item>


cat_9751782

<item>
378.99<title>[EroticaX] Kasey Warner (Intimate Discovery / 10.24.2014)</title><url>magnet%3A%3Fxt%3Durn%3Abtih%3A8FD6AFB2235DA9789A9666C769B0C8C6DF9F372E%26dn%3Deroticax%2Bkasey%2Bwarner%2Bintimate%2Bdiscovery%2B10%2B24%2B2014%26tr%3Dhttp%253A%252F%252Ftracker.trackerfix.com%252Fannounce%26tr%3Dudp%253A%252F%252Fopen.demonii.com%253A1337</url><id>cat_9751782</id>
</item>


cat_9751756

<item>
934.75<title>[X-Art] Kim (Me Darling / 10.24.2014)</title><url>magnet%3A%3Fxt%3Durn%3Abtih%3A7C7A6D44D30CCACDCC246369C14FF4062E071A92%26dn%3Dx%2Bart%2Bkim%2Bme%2Bdarling%2B10%2B24%2B2014%26tr%3Dhttp%253A%252F%252Ftracker.trackerfix.com%252Fannounce%26tr%3Dudp%253A%252F%252Fopen.demonii.com%253A1337</url><id>cat_9751756</id>
</item>


cat_9751741

<item>
548.95<title>[X-Art] Kim (Me Darling / 10.24.2014)</title><url>magnet%3A%3Fxt%3Durn%3Abtih%3A079350646E0DF0F01C18B518864338BED6D6C455%26dn%3Dx%2Bart%2Bkim%2Bme%2Bdarling%2B10%2B24%2B2014%26tr%3Dhttp%253A%252F%252Ftracker.trackerfix.com%252Fannounce%26tr%3Dudp%253A%252F%252Fopen.demonii.com%253A1337</url><id>cat_9751741</id>
</item>


cat_9751724

<item>
371.31<title>[X-Art] Kim (Me Darling / 10.24.2014)</title><url>magnet%3A%3Fxt%3Durn%3Abtih%3A2EC84B467597DD2833FFB8D2E7332F9FAE132A3C%26dn%3Dx%2Bart%2Bkim%2Bme%2Bdarling%2B10%2B24%2B2014%26tr%3Dhttp%253A%252F%252Ftracker.trackerfix.com%252Fannounce%26tr%3Dudp%253A%252F%252Fopen.demonii.com%253A1337</url><id>cat_9751724</id>
</item>


cat_9751718

<item>
283.59<title>[ZZSeries] Kleio Valentien (American Whore Story Part Four / 10.24.2014)</title><url>magnet%3A%3Fxt%3Durn%3Abtih%3AC31E7978E3E06016CDBB731FD94737C70D3F2B46%26dn%3Dzzseries%2Bkleio%2Bvalentien%2Bamerican%2Bwhore%2Bstory%2Bpart%2Bfour%2B10%2B24%2B2014%26tr%3Dhttp%253A%252F%252Ftracker.trackerfix.com%252Fannounce%26tr%3Dudp%253A%252F%252Fopen.demonii.com%253A1337</url><id>cat_9751718</id>
</item>


cat_9751713

<item>
307.94<title>[RealWifeStories] Ava Addams (Double Timing Wife Part Two / 10.24.2014)</title><url>magnet%3A%3Fxt%3Durn%3Abtih%3AA68EC6918CBDC8AEF27058149A7C71378E02855E%26dn%3Drealwifestories%2Bava%2Baddams%2Bdouble%2Btiming%2Bwife%2Bpart%2Btwo%2B10%2B24%2B2014%26tr%3Dhttp%253A%252F%252Ftracker.trackerfix.com%252Fannounce%26tr%3Dudp%253A%252F%252Fopen.demonii.com%253A1337</url><id>cat_9751713</id>
</item>


cat_9751673

<item>
618.03<title>[PublicAgent] Tiffany D (Episode 239 / 10.24.2014)</title><url>magnet%3A%3Fxt%3Durn%3Abtih%3A75B5FAEF2B767BDA47D5F1D013DDE955D5C16843%26dn%3Dpublicagent%2Btiffany%2Bd%2Bepisode%2B239%2B10%2B24%2B2014%26tr%3Dhttp%253A%252F%252Ftracker.trackerfix.com%252Fannounce%26tr%3Dudp%253A%252F%252Fopen.demonii.com%253A1337</url><id>cat_9751673</id>
</item>


cat_9751639

<item>
783.74<title>Lesbian Big Boob Bangeroo #3 [DVDRip]</title><url>magnet%3A%3Fxt%3Durn%3Abtih%3A050F1CB928F1F0C98471E393356AFA98B9A03886%26dn%3Dlesbian%2Bbig%2Bboob%2Bbangeroo%2B3%2Bdvdrip%26tr%3Dhttp%253A%252F%252Ftracker.trackerfix.com%252Fannounce%26tr%3Dudp%253A%252F%252Fopen.demonii.com%253A1337</url><id>cat_9751639</id>
</item>


cat_9751634

<item>
700.27<title>Lesbian Big Boob Bangeroo #2 [DVDRip]</title><url>magnet%3A%3Fxt%3Durn%3Abtih%3A1132CE9C15439852B236F9AAD2216EDE65334F9F%26dn%3Dlesbian%2Bbig%2Bboob%2Bbangeroo%2B2%2Bdvdrip%26tr%3Dhttp%253A%252F%252Ftracker.trackerfix.com%252Fannounce%26tr%3Dudp%253A%252F%252Fopen.demonii.com%253A1337</url><id>cat_9751634</id>
</item>


cat_9751614

<item>
665.13<title>[CasualTeenSex] Mira (From Bus Stop To Bed / 10.23.2014)</title><url>magnet%3A%3Fxt%3Durn%3Abtih%3AA78921F9D3D12F11B81F910327B16C07C0110ED8%26dn%3Dcasualteensex%2Bmira%2Bfrom%2Bbus%2Bstop%2Bto%2Bbed%2B10%2B23%2B2014%26tr%3Dhttp%253A%252F%252Ftracker.trackerfix.com%252Fannounce%26tr%3Dudp%253A%252F%252Fopen.demonii.com%253A1337</url><id>cat_9751614</id>
</item>


cat_9751613

<item>
518.26<title>[BrutalInvasion] Piper (10.23.2014)</title><url>magnet%3A%3Fxt%3Durn%3Abtih%3A9C21FCCFE96F00793E849393F93BE4989812D747%26dn%3Dbrutalinvasion%2Bpiper%2B10%2B23%2B2014%26tr%3Dhttp%253A%252F%252Ftracker.trackerfix.com%252Fannounce%26tr%3Dudp%253A%252F%252Fopen.demonii.com%253A1337</url><id>cat_9751613</id>
</item>


cat_9751508

<item>
168.49<title>[18OnlyGirls] Vanda (Time To Fuck! / 10.24.2014)</title><url>magnet%3A%3Fxt%3Durn%3Abtih%3A1963C6BB9E4A609227F02859368276031C193A5D%26dn%3D18onlygirls%2Bvanda%2Btime%2Bto%2Bfuck%2B10%2B24%2B2014%26tr%3Dhttp%253A%252F%252Ftracker.trackerfix.com%252Fannounce%26tr%3Dudp%253A%252F%252Fopen.demonii.com%253A1337</url><id>cat_9751508</id>
</item>


cat_9751488

<item>
656.26<title>[Passion-HD] Gianna Nicole (Halloween Adult Party / 10.24.2014)</title><url>magnet%3A%3Fxt%3Durn%3Abtih%3AD40F9544BB5CC414B154B827FE18A5CB76B17A70%26dn%3Dpassion%2Bhd%2Bgianna%2Bnicole%2Bhalloween%2Badult%2Bparty%2B10%2B24%2B2014%26tr%3Dhttp%253A%252F%252Ftracker.trackerfix.com%252Fannounce%26tr%3Dudp%253A%252F%252Fopen.demonii.com%253A1337</url><id>cat_9751488</id>
</item>


cat_9751477

<item>
374.81<title>[FantasyHD] Sarai (Deepthroat Fantasy / 10.24.2014)</title><url>magnet%3A%3Fxt%3Durn%3Abtih%3A3C263AC1C5D788400EECF42F6DE591F5C704B631%26dn%3Dfantasyhd%2Bsarai%2Bdeepthroat%2Bfantasy%2B10%2B24%2B2014%26tr%3Dhttp%253A%252F%252Ftracker.trackerfix.com%252Fannounce%26tr%3Dudp%253A%252F%252Fopen.demonii.com%253A1337</url><id>cat_9751477</id>
</item>


cat_9751457

<item>
558.20<title>[MassageRooms] Tiffany (Steve on Tiffany / 10.23.2014)</title><url>magnet%3A%3Fxt%3Durn%3Abtih%3AF566A03F35CA2C3605F60749B33022E490E7FA43%26dn%3Dmassagerooms%2Btiffany%2Bsteve%2Bon%2Btiffany%2B10%2B23%2B2014%26tr%3Dhttp%253A%252F%252Ftracker.trackerfix.com%252Fannounce%26tr%3Dudp%253A%252F%252Fopen.demonii.com%253A1337</url><id>cat_9751457</id>
</item>


cat_9751433

<item>
585.96<title>[OrgasmsXXX] Anna (Forever and One / 10.23.2014)</title><url>magnet%3A%3Fxt%3Durn%3Abtih%3AD3D93112767AB451505A369B11CF9A5BBD6910B9%26dn%3Dorgasmsxxx%2Banna%2Bforever%2Band%2Bone%2B10%2B23%2B2014%26tr%3Dhttp%253A%252F%252Ftracker.trackerfix.com%252Fannounce%26tr%3Dudp%253A%252F%252Fopen.demonii.com%253A1337</url><id>cat_9751433</id>
</item>


cat_9751425

<item>
709.28<title>[TeenBFF] Aly Monroe, Naveen Ora (Tag Team Pussy / 10.23.2014)</title><url>magnet%3A%3Fxt%3Durn%3Abtih%3AE645ABBD8E20BC79634F70DFC3A8D60EC00F41BD%26dn%3Dteenbff%2Baly%2Bmonroe%2Bnaveen%2Bora%2Btag%2Bteam%2Bpussy%2B10%2B23%2B2014%26tr%3Dhttp%253A%252F%252Ftracker.trackerfix.com%252Fannounce%26tr%3Dudp%253A%252F%252Fopen.demonii.com%253A1337</url><id>cat_9751425</id>
</item>


cat_9751398

<item>
369.80<title>[TeenBFF] Aly Monroe, Naveen Ora (Tag Team Pussy / 10.23.2014)</title><url>magnet%3A%3Fxt%3Durn%3Abtih%3A1674942F1FC4D7FAEE5592E707E42215CD598D6F%26dn%3Dteenbff%2Baly%2Bmonroe%2Bnaveen%2Bora%2Btag%2Bteam%2Bpussy%2B10%2B23%2B2014%26tr%3Dhttp%253A%252F%252Ftracker.trackerfix.com%252Fannounce%26tr%3Dudp%253A%252F%252Fopen.demonii.com%253A1337</url><id>cat_9751398</id>
</item>


cat_9751379

<item>
705.14<title>[Tiny4K] Maddy Rose (Trick Or Treat / 10.23.2014)</title><url>magnet%3A%3Fxt%3Durn%3Abtih%3A80CDABE2B858110A28D3D862323DB04D73E0634C%26dn%3Dtiny4k%2Bmaddy%2Brose%2Btrick%2Bor%2Btreat%2B10%2B23%2B2014%26tr%3Dhttp%253A%252F%252Ftracker.trackerfix.com%252Fannounce%26tr%3Dudp%253A%252F%252Fopen.demonii.com%253A1337</url><id>cat_9751379</id>
</item>


cat_9751360

<item>
311.79<title>[Tiny4K] Maddy Rose (Trick Or Treat / 10.23.2014)</title><url>magnet%3A%3Fxt%3Durn%3Abtih%3A124BD5759036D75C988A0E7912C9230F1F4B57A7%26dn%3Dtiny4k%2Bmaddy%2Brose%2Btrick%2Bor%2Btreat%2B10%2B23%2B2014%26tr%3Dhttp%253A%252F%252Ftracker.trackerfix.com%252Fannounce%26tr%3Dudp%253A%252F%252Fopen.demonii.com%253A1337</url><id>cat_9751360</id>
</item>


cat_9751312

<item>
201.48<title>[TittyAttack] August Ames (August Is My Favorite Month / 10.23.2014)</title><url>magnet%3A%3Fxt%3Durn%3Abtih%3A22D572E29441AAD280F404C6603F8A763D4A2D49%26dn%3Dtittyattack%2Baugust%2Bames%2Baugust%2Bis%2Bmy%2Bfavorite%2Bmonth%2B10%2B23%2B2014%26tr%3Dhttp%253A%252F%252Ftracker.trackerfix.com%252Fannounce%26tr%3Dudp%253A%252F%252Fopen.demonii.com%253A1337</url><id>cat_9751312</id>
</item>


cat_9751285

<item>
173.82<title>[CzecAV] CZECH MEGA SWINGERS 18 (PART 5 / 10.23.2014)</title><url>magnet%3A%3Fxt%3Durn%3Abtih%3A04A0CF57435675B75FB41E5066DB37BDF071E360%26dn%3Dczecav%2Bczech%2Bmega%2Bswingers%2B18%2Bpart%2B5%2B10%2B23%2B2014%26tr%3Dhttp%253A%252F%252Ftracker.trackerfix.com%252Fannounce%26tr%3Dudp%253A%252F%252Fopen.demonii.com%253A1337</url><id>cat_9751285</id>
</item>


cat_9751253

<item>
499.24<title>[MassageRooms] Keira (Martin on Keira / 10.23.2014)</title><url>magnet%3A%3Fxt%3Durn%3Abtih%3AEDAEB3C0D1B4F984DB314C6BCCBD9FA39812B82E%26dn%3Dmassagerooms%2Bkeira%2Bmartin%2Bon%2Bkeira%2B10%2B23%2B2014%26tr%3Dhttp%253A%252F%252Ftracker.trackerfix.com%252Fannounce%26tr%3Dudp%253A%252F%252Fopen.demonii.com%253A1337</url><id>cat_9751253</id>
</item>


cat_9751193

<item>
813.28<title>[BigTitsRoundAsses] Alison Tyler (Busty Alison Tyler Does Anal / btra13553 / 10.23.2014)</title><url>magnet%3A%3Fxt%3Durn%3Abtih%3ABAAE3AB2688BB43CFA8AC093CBBD3280E6259EAF%26dn%3Dbigtitsroundasses%2Balison%2Btyler%2Bbusty%2Balison%2Btyler%2Bdoes%2Banal%2Bbtra13553%2B10%2B23%2B2014%26tr%3Dhttp%253A%252F%252Ftracker.trackerfix.com%252Fannounce%26tr%3Dudp%253A%252F%252Fopen.demonii.com%253A1337</url><id>cat_9751193</id>
</item>


cat_9751190

<item>
245.92<title>[BigTitsRoundAsses] Alison Tyler (Busty Alison Tyler Does Anal / btra13553 / 10.23.2014)</title><url>magnet%3A%3Fxt%3Durn%3Abtih%3A7C950F51A1EC23CB2361D70CDB060029BEB8EDC1%26dn%3Dbigtitsroundasses%2Balison%2Btyler%2Bbusty%2Balison%2Btyler%2Bdoes%2Banal%2Bbtra13553%2B10%2B23%2B2014%26tr%3Dhttp%253A%252F%252Ftracker.trackerfix.com%252Fannounce%26tr%3Dudp%253A%252F%252Fopen.demonii.com%253A1337</url><id>cat_9751190</id>
</item>


