cat_10512099

<item>
214.36<title>[MyFriendsHotMom] Lezley Zen (19511 / 04.16.2015)</title><url>magnet%3A%3Fxt%3Durn%3Abtih%3A4AC8F04B58CB33673D371D54A6C7208E7D4E1FF0%26dn%3Dmyfriendshotmom%2Blezley%2Bzen%2B19511%2B04%2B16%2B2015%26tr%3Dudp%253A%252F%252Ftracker4.piratux.com%253A6969%252Fannounce%26tr%3Dudp%253A%252F%252Fopen.demonii.com%253A1337</url><id>cat_10512099</id>
</item>


cat_10512083

<item>
237.79<title>[NaughtyWeddings] Carter Cruise (19507 / 04.16.2015)</title><url>magnet%3A%3Fxt%3Durn%3Abtih%3A342975A2AB7A04E365DF86FCD937FF0A182F4DD0%26dn%3Dnaughtyweddings%2Bcarter%2Bcruise%2B19507%2B04%2B16%2B2015%26tr%3Dhttp%253A%252F%252Fbt.unionpron.org%253A444%252Fannounce%26tr%3Dudp%253A%252F%252Fopen.demonii.com%253A1337</url><id>cat_10512083</id>
</item>


cat_10512048

<item>
297.34<title>[MyDadsHotGirlfriend] Jaclyn Taylor (19513 / 04.16.2015)</title><url>magnet%3A%3Fxt%3Durn%3Abtih%3A056B9D7ED694E65AFD198031B03219B8FFF3DBCB%26dn%3Dmydadshotgirlfriend%2Bjaclyn%2Btaylor%2B19513%2B04%2B16%2B2015%26tr%3Dudp%253A%252F%252Ftracker4.piratux.com%253A6969%252Fannounce%26tr%3Dudp%253A%252F%252Fopen.demonii.com%253A1337</url><id>cat_10512048</id>
</item>


cat_10512044

<item>
492.18<title>[AnalTeenAngels] Stefanie (Anal Teen Angel Stefanie / 72256 / 04.16.2015)</title><url>magnet%3A%3Fxt%3Durn%3Abtih%3A375FC5B07F1CB6C73BFE3BC5228EBB37EB50C508%26dn%3Danalteenangels%2Bstefanie%2Banal%2Bteen%2Bangel%2Bstefanie%2B72256%2B04%2B16%2B2015%26tr%3Dudp%253A%252F%252Ftracker4.piratux.com%253A6969%252Fannounce%26tr%3Dudp%253A%252F%252Fopen.demonii.com%253A1337</url><id>cat_10512044</id>
</item>


cat_10512043

<item>
239.83<title>[AnalTeenAngels] Stefanie (Anal Teen Angel Stefanie / 72256 / 04.16.2015)</title><url>magnet%3A%3Fxt%3Durn%3Abtih%3A782F84ECA084F954D63D0A3339789E760AC5D4C8%26dn%3Danalteenangels%2Bstefanie%2Banal%2Bteen%2Bangel%2Bstefanie%2B72256%2B04%2B16%2B2015%26tr%3Dudp%253A%252F%252Ftracker4.piratux.com%253A6969%252Fannounce%26tr%3Dudp%253A%252F%252Fopen.demonii.com%253A1337</url><id>cat_10512043</id>
</item>


cat_10511938

<item>
204.88<title>[EuroTeenErotica] Anita Sparkle (Nail That Butthole / 04.16.2015)</title><url>magnet%3A%3Fxt%3Durn%3Abtih%3A0524E7D4E558CF9A63DD3F66180A4534D884666E%26dn%3Deuroteenerotica%2Banita%2Bsparkle%2Bnail%2Bthat%2Bbutthole%2B04%2B16%2B2015%26tr%3Dudp%253A%252F%252Ftracker4.piratux.com%253A6969%252Fannounce%26tr%3Dudp%253A%252F%252Fopen.demonii.com%253A1337</url><id>cat_10511938</id>
</item>


cat_10511825

<item>
305.05<title>[PervsOnPatrol] Carrie Brooks (My Roommate&#039;s a Dirty Whore / 04.16.2015)</title><url>magnet%3A%3Fxt%3Durn%3Abtih%3A1CCC4719B0A8FAEB2FA62620085D020E2A09B369%26dn%3Dpervsonpatrol%2Bcarrie%2Bbrooks%2Bmy%2Broommate%2Bs%2Ba%2Bdirty%2Bwhore%2B04%2B16%2B2015%26tr%3Dudp%253A%252F%252Ftracker4.piratux.com%253A6969%252Fannounce%26tr%3Dudp%253A%252F%252Fopen.demonii.com%253A1337</url><id>cat_10511825</id>
</item>


cat_10511820

<item>
264.35<title>[MilfsLikeItBig] Richelle Ryan (Jackhammering Richelle Ryan / 04.16.2015)</title><url>magnet%3A%3Fxt%3Durn%3Abtih%3A05C65D3416EE54A45AF44854CCC8074E2733C931%26dn%3Dmilfslikeitbig%2Brichelle%2Bryan%2Bjackhammering%2Brichelle%2Bryan%2B04%2B16%2B2015%26tr%3Dudp%253A%252F%252Ftracker4.piratux.com%253A6969%252Fannounce%26tr%3Dudp%253A%252F%252Fopen.demonii.com%253A1337</url><id>cat_10511820</id>
</item>


cat_10511818

<item>
348.16<title>[HotAndMean] Abigail Mac, Brandy Aniston (Fuck Your Bachelorette Party / 04.16.2015)</title><url>magnet%3A%3Fxt%3Durn%3Abtih%3A6E5FABB358C4C46D0B25551F60769C9735F6FD47%26dn%3Dhotandmean%2Babigail%2Bmac%2Bbrandy%2Baniston%2Bfuck%2Byour%2Bbachelorette%2Bparty%2B04%2B16%2B2015%26tr%3Dudp%253A%252F%252Ftracker4.piratux.com%253A6969%252Fannounce%26tr%3Dudp%253A%252F%252Fopen.demonii.com%253A1337</url><id>cat_10511818</id>
</item>


cat_10511596

<item>
313.74<title>[HardcoreGangBang] Siouxsie Q (Whore&#039;s On First: Siouxsie Q Runs Double Play Through Every Base! / 37637 / 04.15.2015)</title><url>magnet%3A%3Fxt%3Durn%3Abtih%3A8F426F69ADE3A203C811D57220458EE1FBE82F6A%26dn%3Dhardcoregangbang%2Bsiouxsie%2Bq%2Bwhore%2Bs%2Bon%2Bfirst%2Bsiouxsie%2Bq%2Bruns%2Bdouble%2Bplay%2Bthrough%2Bevery%2Bbase%2B37637%2B04%2B15%2B2015%26tr%3Dudp%253A%252F%252Ftracker4.piratux.com%253A6969%252Fannounce%26tr%3Dudp%253A%252F%252Fopen.demonii.com%253A1337</url><id>cat_10511596</id>
</item>


cat_10511589

<item>
984.72<title>[AllInternal] Dolly Diore (13202 / 04.16.2015)</title><url>magnet%3A%3Fxt%3Durn%3Abtih%3A05372BA5FC3C6FF388CE05CB01E86B1545023118%26dn%3Dallinternal%2Bdolly%2Bdiore%2B13202%2B04%2B16%2B2015%26tr%3Dudp%253A%252F%252Ftracker4.piratux.com%253A6969%252Fannounce%26tr%3Dudp%253A%252F%252Fopen.demonii.com%253A1337</url><id>cat_10511589</id>
</item>


cat_10511582

<item>
394.07<title>[Tiny4k] Lyn Hoyt (Stretched Out / 04.16.2015)</title><url>magnet%3A%3Fxt%3Durn%3Abtih%3AD0F8D9C2B4A7ABB441672B899FCFE10C38644344%26dn%3Dtiny4k%2Blyn%2Bhoyt%2Bstretched%2Bout%2B04%2B16%2B2015%26tr%3Dudp%253A%252F%252Ftracker4.piratux.com%253A6969%252Fannounce%26tr%3Dudp%253A%252F%252Fopen.demonii.com%253A1337</url><id>cat_10511582</id>
</item>


cat_10511576

<item>
415.72<title>[TeenBFF] Anita Bellini, Lola Reve (Ping Pong Action / 04.16.2015)</title><url>magnet%3A%3Fxt%3Durn%3Abtih%3A5B0EE09F34CE5C4AA921E5F0D9A065499F0DD8AB%26dn%3Dteenbff%2Banita%2Bbellini%2Blola%2Breve%2Bping%2Bpong%2Baction%2B04%2B16%2B2015%26tr%3Dudp%253A%252F%252Ftracker4.piratux.com%253A6969%252Fannounce%26tr%3Dudp%253A%252F%252Fopen.demonii.com%253A1337</url><id>cat_10511576</id>
</item>


cat_10511515

<item>
700.88<title>Got Tits? [DVDRip]</title><url>magnet%3A%3Fxt%3Durn%3Abtih%3A0876352F6737CECE5AF70C76BC04906DFAB289F2%26dn%3Dgot%2Btits%2Bdvdrip%26tr%3Dudp%253A%252F%252Ftracker4.piratux.com%253A6969%252Fannounce%26tr%3Dudp%253A%252F%252Fopen.demonii.com%253A1337</url><id>cat_10511515</id>
</item>


cat_10511237

<item>
453.10<title>[Exotic4k] Franceska Jaimes (Spanish Oil / 04.15.2015)</title><url>magnet%3A%3Fxt%3Durn%3Abtih%3A48CC3D47D386CDFCC5333DAA64EC791FC230F60F%26dn%3Dexotic4k%2Bfranceska%2Bjaimes%2Bspanish%2Boil%2B04%2B15%2B2015%26tr%3Dudp%253A%252F%252Ftracker4.piratux.com%253A6969%252Fannounce%26tr%3Dudp%253A%252F%252Fopen.demonii.com%253A1337</url><id>cat_10511237</id>
</item>


cat_10511204

<item>
201.34<title>[CzechCasting] Pavlina (3875 / 04.09.2015)</title><url>magnet%3A%3Fxt%3Durn%3Abtih%3A184C37BAD871BB5918415E627C288983029131F2%26dn%3Dczechcasting%2Bpavlina%2B3875%2B04%2B09%2B2015%26tr%3Dhttp%253A%252F%252Fbt.unionpron.org%253A444%252Fannounce%26tr%3Dudp%253A%252F%252Fopen.demonii.com%253A1337</url><id>cat_10511204</id>
</item>


cat_10511070

<item>
96.8<title>[X-Art] Daphne, Katia (Don&#039;t Keep Me Waiting, Part 1 / 04.14.2015)</title><url>magnet%3A%3Fxt%3Durn%3Abtih%3AF1816D76573293DB1E2F116A1CB9B9492BCA731D%26dn%3Dx%2Bart%2Bdaphne%2Bkatia%2Bdon%2Bt%2Bkeep%2Bme%2Bwaiting%2Bpart%2B1%2B04%2B14%2B2015%26tr%3Dudp%253A%252F%252Ftracker4.piratux.com%253A6969%252Fannounce%26tr%3Dudp%253A%252F%252Fopen.demonii.com%253A1337</url><id>cat_10511070</id>
</item>


cat_10511000

<item>
335.17<title>[HDMassagePorn] Stephany (Great Massage XXX Video With Threesome / hmp0128 / 04.13.2015)</title><url>magnet%3A%3Fxt%3Durn%3Abtih%3A54FE6AFCC69BB627888DE6BF1E895DCCBD3A3AED%26dn%3Dhdmassageporn%2Bstephany%2Bgreat%2Bmassage%2Bxxx%2Bvideo%2Bwith%2Bthreesome%2Bhmp0128%2B04%2B13%2B2015%26tr%3Dudp%253A%252F%252Ftracker4.piratux.com%253A6969%252Fannounce%26tr%3Dudp%253A%252F%252Fopen.demonii.com%253A1337</url><id>cat_10511000</id>
</item>


cat_10510991

<item>
213.19<title>[TheArtPorn] Sasha (Wearing Only A Smile / tap0274 / 04.15.2015)</title><url>magnet%3A%3Fxt%3Durn%3Abtih%3A89EBAC97BE6D6D901D49FC7AB26FDEF4F6ADB0C4%26dn%3Dtheartporn%2Bsasha%2Bwearing%2Bonly%2Ba%2Bsmile%2Btap0274%2B04%2B15%2B2015%26tr%3Dudp%253A%252F%252Ftracker4.piratux.com%253A6969%252Fannounce%26tr%3Dudp%253A%252F%252Fopen.demonii.com%253A1337</url><id>cat_10510991</id>
</item>


cat_10510989

<item>
279.73<title>[TheArtPorn] Arian (Insolent Is My Kind Of Thing / tap0189 / 04.13.2015)</title><url>magnet%3A%3Fxt%3Durn%3Abtih%3A395BFBC8DF8B466790DADF16308D8545CDE79BFF%26dn%3Dtheartporn%2Barian%2Binsolent%2Bis%2Bmy%2Bkind%2Bof%2Bthing%2Btap0189%2B04%2B13%2B2015%26tr%3Dudp%253A%252F%252Ftracker4.piratux.com%253A6969%252Fannounce%26tr%3Dudp%253A%252F%252Fopen.demonii.com%253A1337</url><id>cat_10510989</id>
</item>


cat_10510970

<item>
728.06<title>[FakeAgent] Olivia (Cute Blonde Amateur Milks Cock Dry In Casting / c1434 / 04.15.2015)</title><url>magnet%3A%3Fxt%3Durn%3Abtih%3A134227933F3D869550B792DAC2BD71A37F732B0C%26dn%3Dfakeagent%2Bolivia%2Bcute%2Bblonde%2Bamateur%2Bmilks%2Bcock%2Bdry%2Bin%2Bcasting%2Bc1434%2B04%2B15%2B2015%26tr%3Dudp%253A%252F%252Ftracker4.piratux.com%253A6969%252Fannounce%26tr%3Dudp%253A%252F%252Fopen.demonii.com%253A1337</url><id>cat_10510970</id>
</item>


cat_10510966

<item>
486.54<title>[TrickyOldTeacher] Jody D (Jody fucked hardcore by her tricky old teacher after class / 04.14.2015)</title><url>magnet%3A%3Fxt%3Durn%3Abtih%3A0B508BDBC8B28CA0C715693EBA2430BACEBDBD73%26dn%3Dtrickyoldteacher%2Bjody%2Bd%2Bjody%2Bfucked%2Bhardcore%2Bby%2Bher%2Btricky%2Bold%2Bteacher%2Bafter%2Bclass%2B04%2B14%2B2015%26tr%3Dhttp%253A%252F%252Fbt.unionpron.org%253A444%252Fannounce%26tr%3Dudp%253A%252F%252Fopen.demonii.com%253A1337</url><id>cat_10510966</id>
</item>


cat_10510957

<item>
251.87<title>[MommyBlowsBest] Alyssa Lynn (Mom&#039;s Personal Trainer / 04.15.2015)</title><url>magnet%3A%3Fxt%3Durn%3Abtih%3A45EBC7885BA042E2E555DE821DAB7F0584BB331E%26dn%3Dmommyblowsbest%2Balyssa%2Blynn%2Bmom%2Bs%2Bpersonal%2Btrainer%2B04%2B15%2B2015%26tr%3Dhttp%253A%252F%252Fbt.unionpron.org%253A444%252Fannounce%26tr%3Dudp%253A%252F%252Fopen.demonii.com%253A1337</url><id>cat_10510957</id>
</item>


cat_10510917

<item>
569.22<title>[FootsieBabes] Ariana Marie (Strange Surprise / 04.15.2015)</title><url>magnet%3A%3Fxt%3Durn%3Abtih%3AA1E4A50400F4AF21B2EF655C204798A60060EC36%26dn%3Dfootsiebabes%2Bariana%2Bmarie%2Bstrange%2Bsurprise%2B04%2B15%2B2015%26tr%3Dhttp%253A%252F%252Fbt.unionpron.org%253A444%252Fannounce%26tr%3Dudp%253A%252F%252Fopen.demonii.com%253A1337</url><id>cat_10510917</id>
</item>


cat_10510907

<item>
279.41<title>[DigitalPlayground] Bonnie Rotten (Lock &amp; Load - Ep.7 - Bloods and Clips / 04.15.2015))</title><url>magnet%3A%3Fxt%3Durn%3Abtih%3AD18D1A3645166B4185A2D82E60F133A5044C6780%26dn%3Ddigitalplayground%2Bbonnie%2Brotten%2Block%2Bload%2Bep%2B7%2Bbloods%2Band%2Bclips%2B04%2B15%2B2015%26tr%3Dudp%253A%252F%252Ftracker4.piratux.com%253A6969%252Fannounce%26tr%3Dudp%253A%252F%252Fopen.demonii.com%253A1337</url><id>cat_10510907</id>
</item>


cat_10510346

<item>
230.49<title>[StepmomVideos] Chanel Preston, Megan Rain (Yard Sale Turns Into Threesome With Stepmom / smv14205 / 04.15.2015)</title><url>magnet%3A%3Fxt%3Durn%3Abtih%3AB448B18831300A1FEFC2D0A3F3BB625575AD39CD%26dn%3Dstepmomvideos%2Bchanel%2Bpreston%2Bmegan%2Brain%2Byard%2Bsale%2Bturns%2Binto%2Bthreesome%2Bwith%2Bstepmom%2Bsmv14205%2B04%2B15%2B2015%26tr%3Dudp%253A%252F%252Ftracker4.piratux.com%253A6969%252Fannounce%26tr%3Dudp%253A%252F%252Fopen.demonii.com%253A1337</url><id>cat_10510346</id>
</item>


cat_10510326

<item>
340.26<title>[DDFBusty] Sandra Milka (Her Boobs Await Him / 04.15.2015)</title><url>magnet%3A%3Fxt%3Durn%3Abtih%3A6B1F4A49DCFA3FEB965B0FDD79B58E35B0EB7C6A%26dn%3Dddfbusty%2Bsandra%2Bmilka%2Bher%2Bboobs%2Bawait%2Bhim%2B04%2B15%2B2015%26tr%3Dudp%253A%252F%252Ftracker4.piratux.com%253A6969%252Fannounce%26tr%3Dudp%253A%252F%252Fopen.demonii.com%253A1337</url><id>cat_10510326</id>
</item>


cat_10510316

<item>
310.26<title>[POV] Ginger Hell (Passionate and Obscenely Vicious / 04.15.2015)</title><url>magnet%3A%3Fxt%3Durn%3Abtih%3AF4A860DAE5E60929F37F76DF413510F3927AE2C2%26dn%3Dpov%2Bginger%2Bhell%2Bpassionate%2Band%2Bobscenely%2Bvicious%2B04%2B15%2B2015%26tr%3Dudp%253A%252F%252Ftracker4.piratux.com%253A6969%252Fannounce%26tr%3Dudp%253A%252F%252Fopen.demonii.com%253A1337</url><id>cat_10510316</id>
</item>


cat_10510304

<item>
406.84<title>[EvilAngel] Veruca James (Anal Required #5 / 04.15.2015)</title><url>magnet%3A%3Fxt%3Durn%3Abtih%3A6BF931BBAD54BC51761386378EBF7856636EF414%26dn%3Devilangel%2Bveruca%2Bjames%2Banal%2Brequired%2B5%2B04%2B15%2B2015%26tr%3Dudp%253A%252F%252Ftracker4.piratux.com%253A6969%252Fannounce%26tr%3Dudp%253A%252F%252Fopen.demonii.com%253A1337</url><id>cat_10510304</id>
</item>


cat_10510291

<item>
362.08<title>[EvilAngel] Samantha Saint (Stunning Curves / 04.15.2015)</title><url>magnet%3A%3Fxt%3Durn%3Abtih%3A9067A09FF0D2AFD88F3DBB060D544A8A8BFDBF02%26dn%3Devilangel%2Bsamantha%2Bsaint%2Bstunning%2Bcurves%2B04%2B15%2B2015%26tr%3Dudp%253A%252F%252Ftracker4.piratux.com%253A6969%252Fannounce%26tr%3Dudp%253A%252F%252Fopen.demonii.com%253A1337</url><id>cat_10510291</id>
</item>


cat_10510275

<item>
365.27<title>[EvilAngel] Layla Price (Lex&#039;s Booty Beauties / 04.15.2015)</title><url>magnet%3A%3Fxt%3Durn%3Abtih%3AC4F40481C1AEA02F77505C822892408525E27989%26dn%3Devilangel%2Blayla%2Bprice%2Blex%2Bs%2Bbooty%2Bbeauties%2B04%2B15%2B2015%26tr%3Dudp%253A%252F%252Ftracker4.piratux.com%253A6969%252Fannounce%26tr%3Dudp%253A%252F%252Fopen.demonii.com%253A1337</url><id>cat_10510275</id>
</item>


