573.55
<item>
<name>The BIGGER, The Wetter</name>
<thumb>http://i1.bzpics.com/scenes/8937/mem1.jpg</thumb>
<size>573.55</size>
<tags>['Gonzo', 'Brunette', 'Blowjob (POV)', 'Big Tits']</tags>
<secc>Brazzers Exxtra</secc>
</item>


523.79
<item>
<name>Honey, Would You Mind Milking My Nuts?</name>
<thumb>http://i1.bzpics.com/scenes/8941/mem1.jpg</thumb>
<size>523.79</size>
<tags>['MILF', 'Big Ass', 'Bubble Butt', 'Brunette', 'Wife', 'Blowjob (POV)', 'Big Tits', 'Massage', 'Big Tits Worship', 'Handjob (POV)', 'Masseuse']</tags>
<secc>Brazzers Exxtra</secc>
</item>


381.09
<item>
<name>The Cocksucking Cop Sucker</name>
<thumb>http://i2.bzpics.com/scenes/8949/mem1.jpg</thumb>
<size>381.09</size>
<tags>['Work Fantasies', 'Latina', 'Natural Tits', 'Blonde', 'Ass Worship', 'Spanish']</tags>
<secc>Brazzers Exxtra</secc>
</item>


465.83
<item>
<name>Pounding Out The Project</name>
<thumb>http://i3.bzpics.com/scenes/8952/mem1.jpg</thumb>
<size>465.83</size>
<tags>['Work Fantasies', 'Brunette', 'Business Woman', 'Big Tits', 'Ass Worship', 'Big Tits Worship']</tags>
<secc>Big Tits at Work</secc>
</item>


645.14
<item>
<name>Exchange of Favors</name>
<thumb>http://i3.bzpics.com/scenes/8660/mem1.jpg</thumb>
<size>645.14</size>
<tags>['School Fantasies', 'Uniform', 'Femdom', 'Natural Tits', 'Black Hair', 'School', 'School Girl', 'Big Tits']</tags>
<secc>Big Tits at School</secc>
</item>


414.16
<item>
<name>Mom's Dirty Book</name>
<thumb>http://i2.bzpics.com/scenes/8859/mem1.jpg</thumb>
<size>414.16</size>
<tags>['Mature', 'Red Head', 'Wife', 'Big Tits', 'Big Tits Worship']</tags>
<secc>Mommy Got Boobs</secc>
</item>


585.79
<item>
<name>Teaching Her How To Cum</name>
<thumb>http://i1.bzpics.com/scenes/8775/mem1.jpg</thumb>
<size>585.79</size>
<tags>['Doctor/Nurse', 'Black Hair', 'Blowjob (POV)', 'Tittyfuck (POV)', 'Big Tits', 'Ass Worship', 'Big Tits Worship']</tags>
<secc>Doctor Adventures</secc>
</item>


753.69
<item>
<name>Alena Croft: The Notorious B.O.O.T.Y</name>
<thumb>http://i0.bzpics.com/scenes/8815/mem1.jpg</thumb>
<size>753.69</size>
<tags>['Anal', 'Gonzo', 'MILF', 'Big Ass', 'Blonde', 'Sex Toys', 'Oil', 'Blowjob (POV)', 'Reverse Cowgirl (POV)', 'Big Tits', 'Ass Worship', 'First Anal']</tags>
<secc>Big Wet Butts</secc>
</item>


602.14
<item>
<name>Allie's Personal Workout</name>
<thumb>http://i0.bzpics.com/scenes/8805/mem1.jpg</thumb>
<size>602.14</size>
<tags>['Sports', 'Work Fantasies', 'Natural Tits', 'Brunette', 'Blowjob (POV)', 'Doggystyle (POV)', 'Reverse Cowgirl (POV)', 'Yoga']</tags>
<secc>Pornstars Like it Big</secc>
</item>


544.44
<item>
<name>Rub N Tug Trainee</name>
<thumb>http://i0.bzpics.com/scenes/8855/mem1.jpg</thumb>
<size>544.44</size>
<tags>['Big Dick Worship', 'Work Fantasies', 'Asian', 'Natural Tits', 'Brunette', 'Threesome', 'Feet', 'Blowjob (POV)', 'Masseuse']</tags>
<secc>Teens Like It Big</secc>
</item>


718.65
<item>
<name>Vice City Vacation: Part One</name>
<thumb>http://i2.bzpics.com/scenes/8759/mem1.jpg</thumb>
<size>718.80</size>
<tags>['Anal', 'MILF', 'Bubble Butt', 'Brunette', 'Mom', 'Wife', 'Big Tits']</tags>
<secc>ZZ Series</secc>
</item>


377.01
<item>
<name>I Think We Should Bang Other People: Part Two</name>
<thumb>http://i0.bzpics.com/scenes/8850/mem1.jpg</thumb>
<size>377.01</size>
<tags>['Lesbian', 'Latina', 'Natural Tits', 'Blonde', 'Brunette', 'Threesome', 'Feet', 'Sex Toys', 'Ass Worship']</tags>
<secc>Hot And Mean</secc>
</item>


438.32
<item>
<name>This Young Slut</name>
<thumb>http://i2.bzpics.com/scenes/8620/mem1.jpg</thumb>
<size>438.32</size>
<tags>['Gonzo', 'Bubble Butt', 'Blonde', 'Squirt', 'Big Tits', 'Big Tits Worship']</tags>
<secc>Baby Got Boobs</secc>
</item>


