cat_10578859

<item>
557.05<title>ReventandoCulos - Anastasia Brill - Despedida Anal</title><url>magnet%3A%3Fxt%3Durn%3Abtih%3A7B0084D07660B19E0FDCB590BC72A8A60B9433EF%26dn%3Dreventandoculos%2Banastasia%2Bbrill%2Bdespedida%2Banal%26tr%3Dudp%253A%252F%252Ftracker4.piratux.com%253A6969%252Fannounce%26tr%3Dudp%253A%252F%252Fopen.demonii.com%253A1337</url><id>cat_10578859</id>
</item>


cat_10578764

<item>
537.34<title>BigWetButts - Sandra Romain - Relaxed Ass Can Be!</title><url>magnet%3A%3Fxt%3Durn%3Abtih%3A5F03C17C3BC8D47E843D7C3E178E272AAD5DB109%26dn%3Dbigwetbutts%2Bsandra%2Bromain%2Brelaxed%2Bass%2Bcan%2Bbe%26tr%3Dudp%253A%252F%252Ftracker4.piratux.com%253A6969%252Fannounce%26tr%3Dudp%253A%252F%252Fopen.demonii.com%253A1337</url><id>cat_10578764</id>
</item>


cat_10578144

<item>
372.95<title>[Passion-HD] Aly Monroe, Naveen Ora (04.29.2015)</title><url>magnet%3A%3Fxt%3Durn%3Abtih%3A8F548B1D4859DCF6697E79A00F9B97EB581AD734%26dn%3Dpassion%2Bhd%2Baly%2Bmonroe%2Bnaveen%2Bora%2B04%2B29%2B2015%26tr%3Dudp%253A%252F%252Ftracker4.piratux.com%253A6969%252Fannounce%26tr%3Dudp%253A%252F%252Fopen.demonii.com%253A1337</url><id>cat_10578144</id>
</item>


cat_10578127

<item>
462.58<title>WCPClub - Valentina Nappi - Takes On A BBC</title><url>magnet%3A%3Fxt%3Durn%3Abtih%3A0937CB9F0D77D00D264D5620000823EF98CD815E%26dn%3Dwcpclub%2Bvalentina%2Bnappi%2Btakes%2Bon%2Ba%2Bbbc%26tr%3Dudp%253A%252F%252Ftracker4.piratux.com%253A6969%252Fannounce%26tr%3Dudp%253A%252F%252Fopen.demonii.com%253A1337</url><id>cat_10578127</id>
</item>


cat_10577881

<item>
434.56<title>MonsterCurves - Julie Cash - Got Smooshed</title><url>magnet%3A%3Fxt%3Durn%3Abtih%3A865065343C6F1A0373CCDF61DF0192D62DA24C69%26dn%3Dmonstercurves%2Bjulie%2Bcash%2Bgot%2Bsmooshed%26tr%3Dudp%253A%252F%252Ftracker4.piratux.com%253A6969%252Fannounce%26tr%3Dudp%253A%252F%252Fopen.demonii.com%253A1337</url><id>cat_10577881</id>
</item>


cat_10577856

<item>
375.57<title>AmateurAllure - Riley Reid</title><url>magnet%3A%3Fxt%3Durn%3Abtih%3AEEF36A06C38D165BCCF985282BAAB902713BC087%26dn%3Damateurallure%2Briley%2Breid%26tr%3Dudp%253A%252F%252Ftracker4.piratux.com%253A6969%252Fannounce%26tr%3Dudp%253A%252F%252Fopen.demonii.com%253A1337</url><id>cat_10577856</id>
</item>


cat_10577828

<item>
354.62<title>TonightsGirlfriend - Alexis Texas - Role Playing</title><url>magnet%3A%3Fxt%3Durn%3Abtih%3AF46C94FBEAB0CA1BFCEF5B3E36EF7816DEBF39DC%26dn%3Dtonightsgirlfriend%2Balexis%2Btexas%2Brole%2Bplaying%26tr%3Dudp%253A%252F%252Ftracker4.piratux.com%253A6969%252Fannounce%26tr%3Dudp%253A%252F%252Fopen.demonii.com%253A1337</url><id>cat_10577828</id>
</item>


cat_10577812

<item>
325.21<title>MyTeenOasis - Teagan Presley - Locker Room Quickie</title><url>magnet%3A%3Fxt%3Durn%3Abtih%3A1944166253A1D3079141519C7BF1C6F00600DA1B%26dn%3Dmyteenoasis%2Bteagan%2Bpresley%2Blocker%2Broom%2Bquickie%26tr%3Dudp%253A%252F%252Ftracker4.piratux.com%253A6969%252Fannounce%26tr%3Dudp%253A%252F%252Fopen.demonii.com%253A1337</url><id>cat_10577812</id>
</item>


cat_10577776

<item>
299.47<title>RealWifeStories - Breanna Sparks, Ariella Ferrera - Breanna</title><url>magnet%3A%3Fxt%3Durn%3Abtih%3A240388FCEB505259FD6F90FD7088BB63492EFD8C%26dn%3Drealwifestories%2Bbreanna%2Bsparks%2Bariella%2Bferrera%2Bbreanna%26tr%3Dudp%253A%252F%252Ftracker4.piratux.com%253A6969%252Fannounce%26tr%3Dudp%253A%252F%252Fopen.demonii.com%253A1337</url><id>cat_10577776</id>
</item>


cat_10577444

<item>
501.17<title>SheIsNerdy - Renata</title><url>magnet%3A%3Fxt%3Durn%3Abtih%3AE8B82C4FE3F5B58A108571886AE3EF736B4B0725%26dn%3Dsheisnerdy%2Brenata%26tr%3Dudp%253A%252F%252Ftracker4.piratux.com%253A6969%252Fannounce%26tr%3Dudp%253A%252F%252Fopen.demonii.com%253A1337</url><id>cat_10577444</id>
</item>


cat_10577433

<item>
443.30<title>OralOverdose - Asa Akira, Brooklyn Lee, London Keyes - Oral Orgy</title><url>magnet%3A%3Fxt%3Durn%3Abtih%3AC6AB1F49F0BB8F15D42CD929190EE52F8099210C%26dn%3Doraloverdose%2Basa%2Bakira%2Bbrooklyn%2Blee%2Blondon%2Bkeyes%2Boral%2Borgy%26tr%3Dudp%253A%252F%252Ftracker4.piratux.com%253A6969%252Fannounce%26tr%3Dudp%253A%252F%252Fopen.demonii.com%253A1337</url><id>cat_10577433</id>
</item>


cat_10577350

<item>
361.34<title>AllInternal - Keira</title><url>magnet%3A%3Fxt%3Durn%3Abtih%3A2B78EDB5C36F9FAC76CA4AD51517EB07102E410C%26dn%3Dallinternal%2Bkeira%26tr%3Dudp%253A%252F%252Ftracker4.piratux.com%253A6969%252Fannounce%26tr%3Dudp%253A%252F%252Fopen.demonii.com%253A1337</url><id>cat_10577350</id>
</item>


cat_10577330

<item>
338.53<title>WatchingMyMomGoBlack - Natasha Juja</title><url>magnet%3A%3Fxt%3Durn%3Abtih%3A9ADAFBCBC9E9466813D7861AD61F483E4CF43E43%26dn%3Dwatchingmymomgoblack%2Bnatasha%2Bjuja%26tr%3Dudp%253A%252F%252Ftracker4.piratux.com%253A6969%252Fannounce%26tr%3Dudp%253A%252F%252Fopen.demonii.com%253A1337</url><id>cat_10577330</id>
</item>


cat_10577310

<item>
330.37<title>Private - Dora Venter, Nataly Brown - Kiss to Swap The Cum of Four Hard Cocks</title><url>magnet%3A%3Fxt%3Durn%3Abtih%3AA2FD86B21610011D930F10E37E041159BC76944C%26dn%3Dprivate%2Bdora%2Bventer%2Bnataly%2Bbrown%2Bkiss%2Bto%2Bswap%2Bthe%2Bcum%2Bof%2Bfour%2Bhard%2Bcocks%26tr%3Dudp%253A%252F%252Ftracker4.piratux.com%253A6969%252Fannounce%26tr%3Dudp%253A%252F%252Fopen.demonii.com%253A1337</url><id>cat_10577310</id>
</item>


cat_10577240

<item>
508.99<title>ExxxtraSmall - Hollie Shields - Girl Next Door Wants Sugar</title><url>magnet%3A%3Fxt%3Durn%3Abtih%3AE1463C81130346DD1A56635FAC101F92A19157B0%26dn%3Dexxxtrasmall%2Bhollie%2Bshields%2Bgirl%2Bnext%2Bdoor%2Bwants%2Bsugar%26tr%3Dudp%253A%252F%252Ftracker4.piratux.com%253A6969%252Fannounce%26tr%3Dudp%253A%252F%252Fopen.demonii.com%253A1337</url><id>cat_10577240</id>
</item>


cat_10577194

<item>
783.24<title>AnalOverdose - Adriana Chechik, Belle Noire - Dirty Little Sluts</title><url>magnet%3A%3Fxt%3Durn%3Abtih%3AFF849CE4005F48D5FA272225D69434E2BB2B157E%26dn%3Danaloverdose%2Badriana%2Bchechik%2Bbelle%2Bnoire%2Bdirty%2Blittle%2Bsluts%26tr%3Dudp%253A%252F%252Ftracker4.piratux.com%253A6969%252Fannounce%26tr%3Dudp%253A%252F%252Fopen.demonii.com%253A1337</url><id>cat_10577194</id>
</item>


cat_10577167

<item>
257.67<title>PornMegaload - Sasha Sean - Sasha And The BBC</title><url>magnet%3A%3Fxt%3Durn%3Abtih%3A9784A0B76A12C96DDA89B0A9D8103A9411F4DC0F%26dn%3Dpornmegaload%2Bsasha%2Bsean%2Bsasha%2Band%2Bthe%2Bbbc%26tr%3Dudp%253A%252F%252Ftracker4.piratux.com%253A6969%252Fannounce%26tr%3Dudp%253A%252F%252Fopen.demonii.com%253A1337</url><id>cat_10577167</id>
</item>


cat_10577114

<item>
433.79<title>[X-Art] Kaylee (Keep On Cumming / 04.29.2015)</title><url>magnet%3A%3Fxt%3Durn%3Abtih%3A5D3D1D28AD1019B8762DF52502BF27C768AF6901%26dn%3Dx%2Bart%2Bkaylee%2Bkeep%2Bon%2Bcumming%2B04%2B29%2B2015%26tr%3Dudp%253A%252F%252Ftracker4.piratux.com%253A6969%252Fannounce%26tr%3Dudp%253A%252F%252Fopen.demonii.com%253A1337</url><id>cat_10577114</id>
</item>


cat_10577113

<item>
122.99<title>[X-Art] Kaylee (Keep On Cumming / 04.29.2015)</title><url>magnet%3A%3Fxt%3Durn%3Abtih%3A7D6D10E3864F0CAA8E1AB9604D5ECD6865B6FDE2%26dn%3Dx%2Bart%2Bkaylee%2Bkeep%2Bon%2Bcumming%2B04%2B29%2B2015%26tr%3Dudp%253A%252F%252Ftracker4.piratux.com%253A6969%252Fannounce%26tr%3Dudp%253A%252F%252Fopen.demonii.com%253A1337</url><id>cat_10577113</id>
</item>


cat_10576788

<item>
212.55<title>[TrickySpa] Katrina Jade (You Can Get Me Signed? / 04.29.2015)</title><url>magnet%3A%3Fxt%3Durn%3Abtih%3A2F926F2ADEB2D227F50E336EEDA3C764B043D094%26dn%3Dtrickyspa%2Bkatrina%2Bjade%2Byou%2Bcan%2Bget%2Bme%2Bsigned%2B04%2B29%2B2015%26tr%3Dudp%253A%252F%252Ftracker4.piratux.com%253A6969%252Fannounce%26tr%3Dudp%253A%252F%252Fopen.demonii.com%253A1337</url><id>cat_10576788</id>
</item>


cat_10576779

<item>
975.50<title>[PublicBang] Harmony Reigns (Harmony Gets Slayed By Nacho! / pb14304 / 04.29.2015)</title><url>magnet%3A%3Fxt%3Durn%3Abtih%3A1C3AE96DF28F711D9B83691183D80FDACEF9222D%26dn%3Dpublicbang%2Bharmony%2Breigns%2Bharmony%2Bgets%2Bslayed%2Bby%2Bnacho%2Bpb14304%2B04%2B29%2B2015%26tr%3Dhttp%253A%252F%252Fpornforall.net%252Fannounce.php%253Fpasskey%253Dfe9de3abd223382ca032240909507a42%26tr%3Dudp%253A%252F%252Fopen.demonii.com%253A1337</url><id>cat_10576779</id>
</item>


cat_10576778

<item>
550.19<title>[PublicBang] Harmony Reigns (Harmony Gets Slayed By Nacho! / pb14304 / 04.29.2015)</title><url>magnet%3A%3Fxt%3Durn%3Abtih%3AD559C20B1DBB42EACDA161B83C64D1E4B776D121%26dn%3Dpublicbang%2Bharmony%2Breigns%2Bharmony%2Bgets%2Bslayed%2Bby%2Bnacho%2Bpb14304%2B04%2B29%2B2015%26tr%3Dhttp%253A%252F%252Fpornforall.net%252Fannounce.php%253Fpasskey%253Dfe9de3abd223382ca032240909507a42%26tr%3Dudp%253A%252F%252Fopen.demonii.com%253A1337</url><id>cat_10576778</id>
</item>


cat_10576777

<item>
231.16<title>[PublicBang] Harmony Reigns (Harmony Gets Slayed By Nacho! / pb14304 / 04.29.2015)</title><url>magnet%3A%3Fxt%3Durn%3Abtih%3AA5EF6EEC81DE156EA633B31BD330E214F045A698%26dn%3Dpublicbang%2Bharmony%2Breigns%2Bharmony%2Bgets%2Bslayed%2Bby%2Bnacho%2Bpb14304%2B04%2B29%2B2015%26tr%3Dudp%253A%252F%252Ftracker4.piratux.com%253A6969%252Fannounce%26tr%3Dudp%253A%252F%252Fopen.demonii.com%253A1337</url><id>cat_10576777</id>
</item>


cat_10576776

<item>
167.42<title>[PublicBang] Harmony Reigns (Harmony Gets Slayed By Nacho! / pb14304 / 04.29.2015)</title><url>magnet%3A%3Fxt%3Durn%3Abtih%3A18EC0B71B6EA09B35B603A0D9CEFE61859238DA9%26dn%3Dpublicbang%2Bharmony%2Breigns%2Bharmony%2Bgets%2Bslayed%2Bby%2Bnacho%2Bpb14304%2B04%2B29%2B2015%26tr%3Dudp%253A%252F%252Ftracker4.piratux.com%253A6969%252Fannounce%26tr%3Dudp%253A%252F%252Fopen.demonii.com%253A1337</url><id>cat_10576776</id>
</item>


cat_10576421

<item>
351.48<title>[DDFBusty] Lucie Wilde (Lucie&#039;s Sauna Cum Bath / 04.29.2015)</title><url>magnet%3A%3Fxt%3Durn%3Abtih%3AEFAACCCD0A30798D1432C6E5BB14CFEECC00BC3D%26dn%3Dddfbusty%2Blucie%2Bwilde%2Blucie%2Bs%2Bsauna%2Bcum%2Bbath%2B04%2B29%2B2015%26tr%3Dudp%253A%252F%252Ftracker4.piratux.com%253A6969%252Fannounce%26tr%3Dudp%253A%252F%252Fopen.demonii.com%253A1337</url><id>cat_10576421</id>
</item>


cat_10576420

<item>
586.11<title>[MySistersHotFriend] Nicole Aniston (19561 / 04.29.2015)</title><url>magnet%3A%3Fxt%3Durn%3Abtih%3AF837F7A7E17F46F9C5B4B04A6B994CA75FA20DD6%26dn%3Dmysistershotfriend%2Bnicole%2Baniston%2B19561%2B04%2B29%2B2015%26tr%3Dudp%253A%252F%252Ftracker4.piratux.com%253A6969%252Fannounce%26tr%3Dudp%253A%252F%252Fopen.demonii.com%253A1337</url><id>cat_10576420</id>
</item>


cat_10576419

<item>
780.26<title>[MyGirlLovesAnal] Trinity St. Clair (19565 / 04.29.2015)</title><url>magnet%3A%3Fxt%3Durn%3Abtih%3A970F4BB1F3591BD1AE0B51C47EE63B71474DF65B%26dn%3Dmygirllovesanal%2Btrinity%2Bst%2Bclair%2B19565%2B04%2B29%2B2015%26tr%3Dudp%253A%252F%252Ftracker4.piratux.com%253A6969%252Fannounce%26tr%3Dudp%253A%252F%252Fopen.demonii.com%253A1337</url><id>cat_10576419</id>
</item>


cat_10576377

<item>
212.68<title>[MySistersHotFriend] Nicole Aniston (19561 / 04.29.2015)</title><url>magnet%3A%3Fxt%3Durn%3Abtih%3ADDD1D99008456DE02D74F6DAC9F13254A35BC191%26dn%3Dmysistershotfriend%2Bnicole%2Baniston%2B19561%2B04%2B29%2B2015%26tr%3Dudp%253A%252F%252Fglotorrents.pw%253A6969%252Fannounce%26tr%3Dudp%253A%252F%252Fopen.demonii.com%253A1337</url><id>cat_10576377</id>
</item>


cat_10576366

<item>
285.93<title>[MyGirlLovesAnal] Trinity St. Clair (19565 / 04.29.2015)</title><url>magnet%3A%3Fxt%3Durn%3Abtih%3AFFD4EF322317398AE5B0610C84E19B5F7294702A%26dn%3Dmygirllovesanal%2Btrinity%2Bst%2Bclair%2B19565%2B04%2B29%2B2015%26tr%3Dudp%253A%252F%252Fglotorrents.pw%253A6969%252Fannounce%26tr%3Dudp%253A%252F%252Fopen.demonii.com%253A1337</url><id>cat_10576366</id>
</item>


cat_10576210

<item>
537.76<title>[MikesApartment] Cindy (Sexy Shorts / 04.29.2015)</title><url>magnet%3A%3Fxt%3Durn%3Abtih%3A4FB0349C5CBF3A51600213000CEEA98F7CEF4703%26dn%3Dmikesapartment%2Bcindy%2Bsexy%2Bshorts%2B04%2B29%2B2015%26tr%3Dudp%253A%252F%252Ftracker4.piratux.com%253A6969%252Fannounce%26tr%3Dudp%253A%252F%252Fopen.demonii.com%253A1337</url><id>cat_10576210</id>
</item>


cat_10576209

<item>
457.14<title>[BigNaturals] Ada Sanchez (Pop The Top / 04.29.2015)</title><url>magnet%3A%3Fxt%3Durn%3Abtih%3AEB789E13C6BFA4ACB2DEF7D59438B932DB634075%26dn%3Dbignaturals%2Bada%2Bsanchez%2Bpop%2Bthe%2Btop%2B04%2B29%2B2015%26tr%3Dudp%253A%252F%252Fglotorrents.pw%253A6969%252Fannounce%26tr%3Dudp%253A%252F%252Fopen.demonii.com%253A1337</url><id>cat_10576209</id>
</item>


cat_10576196

<item>
823.57<title>[LetsTryAnal] Gia Paige (Home Workout Turns Into Anal Fuck / 04.29.2015)</title><url>magnet%3A%3Fxt%3Durn%3Abtih%3A75B1A37ECCE083A80C5B75C44DA00D18E0A491E0%26dn%3Dletstryanal%2Bgia%2Bpaige%2Bhome%2Bworkout%2Bturns%2Binto%2Banal%2Bfuck%2B04%2B29%2B2015%26tr%3Dudp%253A%252F%252Ftracker4.piratux.com%253A6969%252Fannounce%26tr%3Dudp%253A%252F%252Fopen.demonii.com%253A1337</url><id>cat_10576196</id>
</item>


cat_10576195

<item>
440.21<title>[LetsTryAnal] Gia Paige (Home Workout Turns Into Anal Fuck / 04.29.2015)</title><url>magnet%3A%3Fxt%3Durn%3Abtih%3A33AC0982FF8992EC2300C243AF665617DC7C4391%26dn%3Dletstryanal%2Bgia%2Bpaige%2Bhome%2Bworkout%2Bturns%2Binto%2Banal%2Bfuck%2B04%2B29%2B2015%26tr%3Dudp%253A%252F%252Ftracker4.piratux.com%253A6969%252Fannounce%26tr%3Dudp%253A%252F%252Fopen.demonii.com%253A1337</url><id>cat_10576195</id>
</item>


cat_10576192

<item>
279.08<title>[BrazzersExxtra] Richelle Ryan (Honey, Would You Mind Milking My Nuts? / 04.29.2015)</title><url>magnet%3A%3Fxt%3Durn%3Abtih%3ADC60417B79F60C79E779397374C35877301CD40F%26dn%3Dbrazzersexxtra%2Brichelle%2Bryan%2Bhoney%2Bwould%2Byou%2Bmind%2Bmilking%2Bmy%2Bnuts%2B04%2B29%2B2015%26tr%3Dudp%253A%252F%252Ftracker4.piratux.com%253A6969%252Fannounce%26tr%3Dudp%253A%252F%252Fopen.demonii.com%253A1337</url><id>cat_10576192</id>
</item>


cat_10576191

<item>
305.52<title>[BrazzersExxtra] Karmen Karma (The BIGGER, The Wetter / 04.29.2015)</title><url>magnet%3A%3Fxt%3Durn%3Abtih%3A735FC9D185E17EC1242DEC291A85C9769C49E87D%26dn%3Dbrazzersexxtra%2Bkarmen%2Bkarma%2Bthe%2Bbigger%2Bthe%2Bwetter%2B04%2B29%2B2015%26tr%3Dudp%253A%252F%252Ftracker4.piratux.com%253A6969%252Fannounce%26tr%3Dudp%253A%252F%252Fopen.demonii.com%253A1337</url><id>cat_10576191</id>
</item>


cat_10576121

<item>
469.91<title>[JulesJordan] Jillian Janson (Jillian Janson&#039;s First Double Penetration / 04.28.2015)</title><url>magnet%3A%3Fxt%3Durn%3Abtih%3A6B31D9D0F237D51CE6C2DA9B42BC54FDBE72FF34%26dn%3Djulesjordan%2Bjillian%2Bjanson%2Bjillian%2Bjanson%2Bs%2Bfirst%2Bdouble%2Bpenetration%2B04%2B28%2B2015%26tr%3Dudp%253A%252F%252Ftracker4.piratux.com%253A6969%252Fannounce%26tr%3Dudp%253A%252F%252Fopen.demonii.com%253A1337</url><id>cat_10576121</id>
</item>


cat_10576097

<item>
250.20<title>[JulesJordan] Jillian Janson (Jillian Janson&#039;s First Double Penetration / 04.28.2015)</title><url>magnet%3A%3Fxt%3Durn%3Abtih%3A97618BDAAD01512A44C5E576A1A9DBAB065AEA61%26dn%3Djulesjordan%2Bjillian%2Bjanson%2Bjillian%2Bjanson%2Bs%2Bfirst%2Bdouble%2Bpenetration%2B04%2B28%2B2015%26tr%3Dudp%253A%252F%252Ftracker4.piratux.com%253A6969%252Fannounce%26tr%3Dudp%253A%252F%252Fopen.demonii.com%253A1337</url><id>cat_10576097</id>
</item>


cat_10576087

<item>
574.80<title>[Exotic4k] Natalie Hawke (Beat The Heat / 04.29.2015)</title><url>magnet%3A%3Fxt%3Durn%3Abtih%3A49AA486CE96E504686A202C650375B771AFD3F75%26dn%3Dexotic4k%2Bnatalie%2Bhawke%2Bbeat%2Bthe%2Bheat%2B04%2B29%2B2015%26tr%3Dudp%253A%252F%252Fopen.demonii.com%253A1337%252Fannounce</url><id>cat_10576087</id>
</item>


cat_10576086

<item>
289.61<title>[Exotic4k] Natalie Hawke (Beat The Heat / 04.29.2015)</title><url>magnet%3A%3Fxt%3Durn%3Abtih%3A64AB6165F881004C076254690E359D3BBC6D13C3%26dn%3Dexotic4k%2Bnatalie%2Bhawke%2Bbeat%2Bthe%2Bheat%2B04%2B29%2B2015%26tr%3Dudp%253A%252F%252Fglotorrents.pw%253A6969%252Fannounce%26tr%3Dudp%253A%252F%252Fopen.demonii.com%253A1337</url><id>cat_10576086</id>
</item>


cat_10576075

<item>
825.15<title>[TeensLoveMoney] Ashley Adams (Ashley Gets Towed / 04.28.2015)</title><url>magnet%3A%3Fxt%3Durn%3Abtih%3AE6F3E7C80864824F541CEFD11F0D488132C6010B%26dn%3Dteenslovemoney%2Bashley%2Badams%2Bashley%2Bgets%2Btowed%2B04%2B28%2B2015%26tr%3Dudp%253A%252F%252Ftracker4.piratux.com%253A6969%252Fannounce%26tr%3Dudp%253A%252F%252Fopen.demonii.com%253A1337</url><id>cat_10576075</id>
</item>


cat_10576073

<item>
354.61<title>[TeensLoveMoney] Ashley Adams (Ashley Gets Towed / 04.28.2015)</title><url>magnet%3A%3Fxt%3Durn%3Abtih%3AB15756ACF0015327F5AD9428B6C1DFA88AB40431%26dn%3Dteenslovemoney%2Bashley%2Badams%2Bashley%2Bgets%2Btowed%2B04%2B28%2B2015%26tr%3Dudp%253A%252F%252Ftracker4.piratux.com%253A6969%252Fannounce%26tr%3Dudp%253A%252F%252Fopen.demonii.com%253A1337</url><id>cat_10576073</id>
</item>


cat_10576059

<item>
269.66<title>[Housewife1On1] Karla Kush (19557 / 04.28.2015)</title><url>magnet%3A%3Fxt%3Durn%3Abtih%3A90BFD9DACB3DA77BB85614141C5D8A5656982564%26dn%3Dhousewife1on1%2Bkarla%2Bkush%2B19557%2B04%2B28%2B2015%26tr%3Dudp%253A%252F%252Ftracker4.piratux.com%253A6969%252Fannounce%26tr%3Dudp%253A%252F%252Fopen.demonii.com%253A1337</url><id>cat_10576059</id>
</item>


cat_10576050

<item>
696.59<title>[Magmafilm] Barra Bras (No Ones Watching / 04.28.2015)</title><url>magnet%3A%3Fxt%3Durn%3Abtih%3A19012F24C0DDAFA4597D8699A46B97D67928A08F%26dn%3Dmagmafilm%2Bbarra%2Bbras%2Bno%2Bones%2Bwatching%2B04%2B28%2B2015%26tr%3Dudp%253A%252F%252Ftracker4.piratux.com%253A6969%252Fannounce%26tr%3Dudp%253A%252F%252Fopen.demonii.com%253A1337</url><id>cat_10576050</id>
</item>


cat_10576039

<item>
262.54<title>[JulesJordan] Isabella De Santos (Wet Asses 5 / 04.27.2015)</title><url>magnet%3A%3Fxt%3Durn%3Abtih%3A9802CED5814D13EACD108604320EA0E0276FF6AD%26dn%3Djulesjordan%2Bisabella%2Bde%2Bsantos%2Bwet%2Basses%2B5%2B04%2B27%2B2015%26tr%3Dudp%253A%252F%252Ftracker4.piratux.com%253A6969%252Fannounce%26tr%3Dudp%253A%252F%252Fopen.demonii.com%253A1337</url><id>cat_10576039</id>
</item>


cat_10576017

<item>
324.42<title>[HardX] Abella Danger (19 And Anal / 04.28.2015)</title><url>magnet%3A%3Fxt%3Durn%3Abtih%3AB6ECE898A1B28A5C22553B3D5115B98189854595%26dn%3Dhardx%2Babella%2Bdanger%2B19%2Band%2Banal%2B04%2B28%2B2015%26tr%3Dudp%253A%252F%252Ftracker4.piratux.com%253A6969%252Fannounce%26tr%3Dudp%253A%252F%252Fopen.demonii.com%253A1337</url><id>cat_10576017</id>
</item>


cat_10572940

<item>
230.84<title>EuroTeenErotica - Zarina and Gabi - Teens With Toy And Tool</title><url>magnet%3A%3Fxt%3Durn%3Abtih%3A6F2D3DE8D2A7C435B005025FF0901402B62E44E6%26dn%3Deuroteenerotica%2Bzarina%2Band%2Bgabi%2Bteens%2Bwith%2Btoy%2Band%2Btool%26tr%3Dudp%253A%252F%252Ftracker4.piratux.com%253A6969%252Fannounce%26tr%3Dudp%253A%252F%252Fopen.demonii.com%253A1337</url><id>cat_10572940</id>
</item>


cat_10572927

<item>
563.50<title>AnalTeenAngels - Kitkat</title><url>magnet%3A%3Fxt%3Durn%3Abtih%3AEDA8526B5959E31935299974FB7FC7216B8C97ED%26dn%3Danalteenangels%2Bkitkat%26tr%3Dudp%253A%252F%252Ftracker4.piratux.com%253A6969%252Fannounce%26tr%3Dudp%253A%252F%252Fopen.demonii.com%253A1337</url><id>cat_10572927</id>
</item>


cat_10572346

<item>
214.04<title>[MonstersOfCock] Hope Harper (Trailer Park Edition / mc13780 / 04.28.2015)</title><url>magnet%3A%3Fxt%3Durn%3Abtih%3A3FD75EB8EECD65BB0149A47C7599B028FE58A90C%26dn%3Dmonstersofcock%2Bhope%2Bharper%2Btrailer%2Bpark%2Bedition%2Bmc13780%2B04%2B28%2B2015%26tr%3Dudp%253A%252F%252Ftracker4.piratux.com%253A6969%252Fannounce%26tr%3Dudp%253A%252F%252Fopen.demonii.com%253A1337</url><id>cat_10572346</id>
</item>


cat_10572337

<item>
200.03<title>[BlacksOnBlondes] Virgo Peridot (04.28.2015)</title><url>magnet%3A%3Fxt%3Durn%3Abtih%3AF8C6B059F7E099FB25FFA4FA606B3BA678EFC9D1%26dn%3Dblacksonblondes%2Bvirgo%2Bperidot%2B04%2B28%2B2015%26tr%3Dudp%253A%252F%252Ftracker4.piratux.com%253A6969%252Fannounce%26tr%3Dudp%253A%252F%252Fopen.demonii.com%253A1337</url><id>cat_10572337</id>
</item>


cat_10572292

<item>
512.87<title>[MonstersOfCock] Hope Harper (Trailer Park Edition / mc13780 / 04.28.2015)</title><url>magnet%3A%3Fxt%3Durn%3Abtih%3A15C7D1631F4352ABF6603A8490C9BD8C4562BFEE%26dn%3Dmonstersofcock%2Bhope%2Bharper%2Btrailer%2Bpark%2Bedition%2Bmc13780%2B04%2B28%2B2015%26tr%3Dhttp%253A%252F%252Fpornforall.net%252Fannounce.php%253Fpasskey%253Dfe9de3abd223382ca032240909507a42%26tr%3Dudp%253A%252F%252Fopen.demonii.com%253A1337</url><id>cat_10572292</id>
</item>


cat_10572289

<item>
242.12<title>[NubileFilms] Amber Cute (Art Of Anal / 04.28.2015)</title><url>magnet%3A%3Fxt%3Durn%3Abtih%3A8E1E8245EAEDC3A9FB97AFDD20ED13F95D2B44C1%26dn%3Dnubilefilms%2Bamber%2Bcute%2Bart%2Bof%2Banal%2B04%2B28%2B2015%26tr%3Dudp%253A%252F%252Fopen.demonii.com%253A1337%252Fannounce</url><id>cat_10572289</id>
</item>


cat_10572288

<item>
330.94<title>[TeenBitchClub] Mia Hilton (Teen Bitch Mia Hilton / 04.28.2015)</title><url>magnet%3A%3Fxt%3Durn%3Abtih%3A8AF5E90298B54EEA1F58D2730559193EB7B584BA%26dn%3Dteenbitchclub%2Bmia%2Bhilton%2Bteen%2Bbitch%2Bmia%2Bhilton%2B04%2B28%2B2015%26tr%3Dudp%253A%252F%252Fbt.xxx-tracker.com%253A2710%252Fannounce%26tr%3Dudp%253A%252F%252Fopen.demonii.com%253A1337</url><id>cat_10572288</id>
</item>


cat_10572188

<item>
693.29<title>Big Teen Butts #1 [DVDRip]</title><url>magnet%3A%3Fxt%3Durn%3Abtih%3A8AA0527E0F7019FEEB5EE9F2BEA326C436225FDD%26dn%3Dbig%2Bteen%2Bbutts%2B1%2Bdvdrip%26tr%3Dudp%253A%252F%252Fglotorrents.pw%253A6969%252Fannounce%26tr%3Dudp%253A%252F%252Fopen.demonii.com%253A1337</url><id>cat_10572188</id>
</item>


cat_10572186

<item>
697.56<title>Muschi-Test [DVDRip]</title><url>magnet%3A%3Fxt%3Durn%3Abtih%3A345575ABD6825E6794C0BCFF0AFDB8BB54CE3F59%26dn%3Dmuschi%2Btest%2Bdvdrip%26tr%3Dudp%253A%252F%252Fglotorrents.pw%253A6969%252Fannounce%26tr%3Dudp%253A%252F%252Fopen.demonii.com%253A1337</url><id>cat_10572186</id>
</item>


cat_10572149

<item>
857.38<title>Girls Loving Girls #8 (NEW 2015 Exquisite Pleasures) [DVDRip]</title><url>magnet%3A%3Fxt%3Durn%3Abtih%3A02E033DEBC13C6F568A129AE9F59FA5EE2468CDA%26dn%3Dgirls%2Bloving%2Bgirls%2B8%2Bnew%2B2015%2Bexquisite%2Bpleasures%2Bdvdrip%26tr%3Dudp%253A%252F%252Ftracker4.piratux.com%253A6969%252Fannounce%26tr%3Dudp%253A%252F%252Fopen.demonii.com%253A1337</url><id>cat_10572149</id>
</item>


cat_10571897

<item>
597.28<title>[NeighborAffair] Cadence Lux (19539 / 04.28.2015)</title><url>magnet%3A%3Fxt%3Durn%3Abtih%3ADDD7BBA4679AA7579230BD90D2E4524F32C63B3D%26dn%3Dneighboraffair%2Bcadence%2Blux%2B19539%2B04%2B28%2B2015%26tr%3Dudp%253A%252F%252Ftracker4.piratux.com%253A6969%252Fannounce%26tr%3Dudp%253A%252F%252Fopen.demonii.com%253A1337</url><id>cat_10571897</id>
</item>


cat_10571896

<item>
216.23<title>[NeighborAffair] Cadence Lux (19539 / 04.28.2015)</title><url>magnet%3A%3Fxt%3Durn%3Abtih%3AD241DE42A6B91877E76446703A7A10DCEE77F653%26dn%3Dneighboraffair%2Bcadence%2Blux%2B19539%2B04%2B28%2B2015%26tr%3Dudp%253A%252F%252Ftracker4.piratux.com%253A6969%252Fannounce%26tr%3Dudp%253A%252F%252Fopen.demonii.com%253A1337</url><id>cat_10571896</id>
</item>


cat_10571891

<item>
292.70<title>[HandsOnHardcore] Billie Star and Linda Sweet (Holding Cell Harlots / 04.28.2015)</title><url>magnet%3A%3Fxt%3Durn%3Abtih%3ACBE935E5DC0E84B26FAB167BD8DF5A82CE470B22%26dn%3Dhandsonhardcore%2Bbillie%2Bstar%2Band%2Blinda%2Bsweet%2Bholding%2Bcell%2Bharlots%2B04%2B28%2B2015%26tr%3Dudp%253A%252F%252Ftracker4.piratux.com%253A6969%252Fannounce%26tr%3Dudp%253A%252F%252Fopen.demonii.com%253A1337</url><id>cat_10571891</id>
</item>


cat_10571878

<item>
989.54<title>[HandsOnHardcore] Billie Star and Linda Sweet (Holding Cell Harlots / 04.28.2015)</title><url>magnet%3A%3Fxt%3Durn%3Abtih%3A9DB9B68DA77FBDEED733C311D351258F3677DD30%26dn%3Dhandsonhardcore%2Bbillie%2Bstar%2Band%2Blinda%2Bsweet%2Bholding%2Bcell%2Bharlots%2B04%2B28%2B2015%26tr%3Dudp%253A%252F%252Fglotorrents.pw%253A6969%252Fannounce%26tr%3Dudp%253A%252F%252Fopen.demonii.com%253A1337</url><id>cat_10571878</id>
</item>


cat_10571846

<item>
458.37<title>[DaneJones] Angel Diamonds (Still Into You / s1635 / 04.28.2015)</title><url>magnet%3A%3Fxt%3Durn%3Abtih%3AC4B43FE66C14846D1BFC600ED72BE6BC32F942D1%26dn%3Ddanejones%2Bangel%2Bdiamonds%2Bstill%2Binto%2Byou%2Bs1635%2B04%2B28%2B2015%26tr%3Dudp%253A%252F%252Fglotorrents.pw%253A6969%252Fannounce%26tr%3Dudp%253A%252F%252Fopen.demonii.com%253A1337</url><id>cat_10571846</id>
</item>


cat_10571785

<item>
388.05<title>[PixAndVideo] Lexi Dona (Secret Date in the Sorority / 200551 / 04.28.2015)</title><url>magnet%3A%3Fxt%3Durn%3Abtih%3A2E6F00241D8380E3C54A2383E2D423C1ED1DF874%26dn%3Dpixandvideo%2Blexi%2Bdona%2Bsecret%2Bdate%2Bin%2Bthe%2Bsorority%2B200551%2B04%2B28%2B2015%26tr%3Dudp%253A%252F%252Fglotorrents.pw%253A6969%252Fannounce%26tr%3Dudp%253A%252F%252Fopen.demonii.com%253A1337</url><id>cat_10571785</id>
</item>


cat_10571683

<item>
678.88<title>[InTheVip] Mena Li, Kelsi Monroe, Bailey Bradshaw, Marley Blaze, Marina Angel, Lexi Vex, Bailey Bae, Selena Kyle, Gia Paige, Fae, Molly West (Loose Pussy / 04.28.2015)</title><url>magnet%3A%3Fxt%3Durn%3Abtih%3AAC122F34247BEEBE089097FE45993BFA523DABB9%26dn%3Dinthevip%2Bmena%2Bli%2Bkelsi%2Bmonroe%2Bbailey%2Bbradshaw%2Bmarley%2Bblaze%2Bmarina%2Bangel%2Blexi%2Bvex%2Bbailey%2Bbae%2Bselena%2Bkyle%2Bgia%2Bpaige%2Bfae%2Bmolly%2Bwest%2Bloose%2Bpussy%2B04%2B28%2B2015%26tr%3Dudp%253A%252F%252Fglotorrents.pw%253A6969%252Fannounce%26tr%3Dudp%253A%252F%252Fopen.demonii.com%253A1337</url><id>cat_10571683</id>
</item>


cat_10571658

<item>
338.84<title>[CumFiesta] Payton Lee (Big load / 04.28.2015)</title><url>magnet%3A%3Fxt%3Durn%3Abtih%3AD98D315E909CDCC4E9F5D84A2077327FC4EABD5F%26dn%3Dcumfiesta%2Bpayton%2Blee%2Bbig%2Bload%2B04%2B28%2B2015%26tr%3Dudp%253A%252F%252Ftracker4.piratux.com%253A6969%252Fannounce%26tr%3Dudp%253A%252F%252Fopen.demonii.com%253A1337</url><id>cat_10571658</id>
</item>


cat_10571657

<item>
363.17<title>[StrandedTeens] Nikita Bellucci (Stranded Frenchie Fucks in the Car / 04.28.2015)</title><url>magnet%3A%3Fxt%3Durn%3Abtih%3A28AF3C2C922BAB812A09F931495FF52B864957D4%26dn%3Dstrandedteens%2Bnikita%2Bbellucci%2Bstranded%2Bfrenchie%2Bfucks%2Bin%2Bthe%2Bcar%2B04%2B28%2B2015%26tr%3Dudp%253A%252F%252Ftracker4.piratux.com%253A6969%252Fannounce%26tr%3Dudp%253A%252F%252Fopen.demonii.com%253A1337</url><id>cat_10571657</id>
</item>


cat_10571651

<item>
248.60<title>[BigTitsAtWork] Reena Sky (Pounding Out The Project / 04.28.2015)</title><url>magnet%3A%3Fxt%3Durn%3Abtih%3A2FAB9A6EB865E128869963B1BAD3A6BCC47FCFF5%26dn%3Dbigtitsatwork%2Breena%2Bsky%2Bpounding%2Bout%2Bthe%2Bproject%2B04%2B28%2B2015%26tr%3Dudp%253A%252F%252Fglotorrents.pw%253A6969%252Fannounce%26tr%3Dudp%253A%252F%252Fopen.demonii.com%253A1337</url><id>cat_10571651</id>
</item>


cat_10571639

<item>
203.75<title>[BrazzersExtra] Hanna Montada (The Cocksucking Cop Sucker / 04.28.2015)</title><url>magnet%3A%3Fxt%3Durn%3Abtih%3AA3B31F982F6FCC291DEE4E117555D3A15A287315%26dn%3Dbrazzersextra%2Bhanna%2Bmontada%2Bthe%2Bcocksucking%2Bcop%2Bsucker%2B04%2B28%2B2015%26tr%3Dudp%253A%252F%252Ftracker4.piratux.com%253A6969%252Fannounce%26tr%3Dudp%253A%252F%252Fopen.demonii.com%253A1337</url><id>cat_10571639</id>
</item>


cat_10571530

<item>
976.76<title>[POVD] Carrie Brooks (Fun In The Shower / 04.28.2015)</title><url>magnet%3A%3Fxt%3Durn%3Abtih%3A0DE3BC7A200728B64D8097A901A1AFC07440639B%26dn%3Dpovd%2Bcarrie%2Bbrooks%2Bfun%2Bin%2Bthe%2Bshower%2B04%2B28%2B2015%26tr%3Dudp%253A%252F%252Fopen.demonii.com%253A1337%252Fannounce</url><id>cat_10571530</id>
</item>


cat_10571529

<item>
488.10<title>[POVD] Carrie Brooks (Fun In The Shower / 04.28.2015)</title><url>magnet%3A%3Fxt%3Durn%3Abtih%3A0552557B761EC1EE6E735FFA23366560DC8AE83F%26dn%3Dpovd%2Bcarrie%2Bbrooks%2Bfun%2Bin%2Bthe%2Bshower%2B04%2B28%2B2015%26tr%3Dudp%253A%252F%252Ftracker4.piratux.com%253A6969%252Fannounce%26tr%3Dudp%253A%252F%252Fopen.demonii.com%253A1337</url><id>cat_10571529</id>
</item>


cat_10571527

<item>
769.77<title>[RealExGirlfriends] Alexis Adams (Ample Tits &amp; Tight Pussy / 04.28.2015)</title><url>magnet%3A%3Fxt%3Durn%3Abtih%3A663484EBBA706E3102A0E2DE0F4B9ADD8E1DF8ED%26dn%3Drealexgirlfriends%2Balexis%2Badams%2Bample%2Btits%2Btight%2Bpussy%2B04%2B28%2B2015%26tr%3Dudp%253A%252F%252Fopen.demonii.com%253A1337%252Fannounce</url><id>cat_10571527</id>
</item>


cat_10571526

<item>
390.16<title>[RealExGirlfriends] Alexis Adams (Ample Tits &amp; Tight Pussy / 04.28.2015)</title><url>magnet%3A%3Fxt%3Durn%3Abtih%3A95181F32D588DDC922424A3A9FB405B15593BBA0%26dn%3Drealexgirlfriends%2Balexis%2Badams%2Bample%2Btits%2Btight%2Bpussy%2B04%2B28%2B2015%26tr%3Dudp%253A%252F%252Fglotorrents.pw%253A6969%252Fannounce%26tr%3Dudp%253A%252F%252Fopen.demonii.com%253A1337</url><id>cat_10571526</id>
</item>


cat_10571495

<item>
656.47<title>[TeenPies] Delilah Blue (Younger Is Better / 04.27.2015)</title><url>magnet%3A%3Fxt%3Durn%3Abtih%3A9ED80B0FD40D43A86122206904DB788F533B3741%26dn%3Dteenpies%2Bdelilah%2Bblue%2Byounger%2Bis%2Bbetter%2B04%2B27%2B2015%26tr%3Dudp%253A%252F%252Fglotorrents.pw%253A6969%252Fannounce%26tr%3Dudp%253A%252F%252Fopen.demonii.com%253A1337</url><id>cat_10571495</id>
</item>


cat_10571401

<item>
614.22<title>[BackroomCastingCouch] Aubrey (04.27.2015)</title><url>magnet%3A%3Fxt%3Durn%3Abtih%3ADE27A73CDCADF6FEB896106DDD46F1BDF5B68B84%26dn%3Dbackroomcastingcouch%2Baubrey%2B04%2B27%2B2015%26tr%3Dudp%253A%252F%252Ftracker4.piratux.com%253A6969%252Fannounce%26tr%3Dudp%253A%252F%252Fopen.demonii.com%253A1337</url><id>cat_10571401</id>
</item>


cat_10571369

<item>
207.47<title>[GloryHole] Keisha Grey (04.27.2015)</title><url>magnet%3A%3Fxt%3Durn%3Abtih%3AADD235CA36E12C9CC84CB5C7917CDDDB11FA56C5%26dn%3Dgloryhole%2Bkeisha%2Bgrey%2B04%2B27%2B2015%26tr%3Dudp%253A%252F%252Ftracker4.piratux.com%253A6969%252Fannounce%26tr%3Dudp%253A%252F%252Fopen.demonii.com%253A1337</url><id>cat_10571369</id>
</item>


cat_10571327

<item>
397.24<title>[ShesNew] Hollie Shields (Their First Sex Tape / 04.26.2015)</title><url>magnet%3A%3Fxt%3Durn%3Abtih%3A9C257516312F33671EAD8C13CC71AECBFB2AA23C%26dn%3Dshesnew%2Bhollie%2Bshields%2Btheir%2Bfirst%2Bsex%2Btape%2B04%2B26%2B2015%26tr%3Dudp%253A%252F%252Ftracker4.piratux.com%253A6969%252Fannounce%26tr%3Dudp%253A%252F%252Fopen.demonii.com%253A1337</url><id>cat_10571327</id>
</item>


cat_10567848

<item>
786.38<title>AnalTeenAngels - Logan</title><url>magnet%3A%3Fxt%3Durn%3Abtih%3A592E435BE822CF73355769A807DE04778282051A%26dn%3Danalteenangels%2Blogan%26tr%3Dudp%253A%252F%252Ftracker4.piratux.com%253A6969%252Fannounce%26tr%3Dudp%253A%252F%252Fopen.demonii.com%253A1337</url><id>cat_10567848</id>
</item>


cat_10567707

<item>
491.04<title>WCPClub - Ricki L, Emily Evermoore - Frisky Cop</title><url>magnet%3A%3Fxt%3Durn%3Abtih%3A0A83457C116054CDC306AE6E29037F3C0BFB2CE2%26dn%3Dwcpclub%2Bricki%2Bl%2Bemily%2Bevermoore%2Bfrisky%2Bcop%26tr%3Dudp%253A%252F%252Ftracker4.piratux.com%253A6969%252Fannounce%26tr%3Dudp%253A%252F%252Fopen.demonii.com%253A1337</url><id>cat_10567707</id>
</item>


cat_10567681

<item>
473.81<title>WCPClub - Brianna Love - Cops Gone Wild</title><url>magnet%3A%3Fxt%3Durn%3Abtih%3AAD7FC6C011D5B8470BCDE49CC5D29A61B86C0A81%26dn%3Dwcpclub%2Bbrianna%2Blove%2Bcops%2Bgone%2Bwild%26tr%3Dudp%253A%252F%252Ftracker4.piratux.com%253A6969%252Fannounce%26tr%3Dudp%253A%252F%252Fopen.demonii.com%253A1337</url><id>cat_10567681</id>
</item>


cat_10567411

<item>
739.63<title>[AssParade] Carmen De Luz (Carmen De Luz Makes Him Ooze / ap13900 / 04.27.2015)</title><url>magnet%3A%3Fxt%3Durn%3Abtih%3A121615A684E3E5A54555CF8C89A16EF78A007215%26dn%3Dassparade%2Bcarmen%2Bde%2Bluz%2Bcarmen%2Bde%2Bluz%2Bmakes%2Bhim%2Booze%2Bap13900%2B04%2B27%2B2015%26tr%3Dudp%253A%252F%252Ftracker4.piratux.com%253A6969%252Fannounce%26tr%3Dudp%253A%252F%252Fopen.demonii.com%253A1337</url><id>cat_10567411</id>
</item>


cat_10567364

<item>
309.85<title>[AssParade] Carmen De Luz (Carmen De Luz Makes Him Ooze / ap13900 / 04.27.2015)</title><url>magnet%3A%3Fxt%3Durn%3Abtih%3A0D33EA1FA18788A891BDD47B3D702B8CF9EE97F7%26dn%3Dassparade%2Bcarmen%2Bde%2Bluz%2Bcarmen%2Bde%2Bluz%2Bmakes%2Bhim%2Booze%2Bap13900%2B04%2B27%2B2015%26tr%3Dudp%253A%252F%252Ftracker4.piratux.com%253A6969%252Fannounce%26tr%3Dudp%253A%252F%252Fopen.demonii.com%253A1337</url><id>cat_10567364</id>
</item>


cat_10567363

<item>
223.70<title>[AssParade] Carmen De Luz (Carmen De Luz Makes Him Ooze / ap13900 / 04.27.2015)</title><url>magnet%3A%3Fxt%3Durn%3Abtih%3A5D3EEC5F0D3359F5FA9CE13A04A554033FCF0C68%26dn%3Dassparade%2Bcarmen%2Bde%2Bluz%2Bcarmen%2Bde%2Bluz%2Bmakes%2Bhim%2Booze%2Bap13900%2B04%2B27%2B2015%26tr%3Dudp%253A%252F%252Ftracker4.piratux.com%253A6969%252Fannounce%26tr%3Dudp%253A%252F%252Fopen.demonii.com%253A1337</url><id>cat_10567363</id>
</item>


cat_10567259

<item>
699.32<title>All Grown Up #3 (Critical X) [DVDRip]</title><url>magnet%3A%3Fxt%3Durn%3Abtih%3A4076D4E73AB1AE7E63F2A8B3D05912E8B153D9C5%26dn%3Dall%2Bgrown%2Bup%2B3%2Bcritical%2Bx%2Bdvdrip%26tr%3Dudp%253A%252F%252Fglotorrents.pw%253A6969%252Fannounce%26tr%3Dudp%253A%252F%252Fopen.demonii.com%253A1337</url><id>cat_10567259</id>
</item>


cat_10567037

<item>
805.48<title>[DirtyWivesClub] Danica Dillon (19553 / 04.27.2015)</title><url>magnet%3A%3Fxt%3Durn%3Abtih%3AAF11B4365E528D676FD77E94D4DF2C96682014F0%26dn%3Ddirtywivesclub%2Bdanica%2Bdillon%2B19553%2B04%2B27%2B2015%26tr%3Dudp%253A%252F%252Ftracker4.piratux.com%253A6969%252Fannounce%26tr%3Dudp%253A%252F%252Fopen.demonii.com%253A1337</url><id>cat_10567037</id>
</item>


cat_10567035

<item>
295.09<title>[DirtyWivesClub] Danica Dillon (19553 / 04.27.2015)</title><url>magnet%3A%3Fxt%3Durn%3Abtih%3AE4C2B4647A89708A622A4AD21233868F36751042%26dn%3Ddirtywivesclub%2Bdanica%2Bdillon%2B19553%2B04%2B27%2B2015%26tr%3Dudp%253A%252F%252Fglotorrents.pw%253A6969%252Fannounce%26tr%3Dudp%253A%252F%252Fopen.demonii.com%253A1337</url><id>cat_10567035</id>
</item>


cat_10567023

<item>
661.86<title>[MyFriendsHotMom] Desi Dalton (19555 / 04.27.2015)</title><url>magnet%3A%3Fxt%3Durn%3Abtih%3A278650CBE032889FD20230D60C16F1D59540A9A0%26dn%3Dmyfriendshotmom%2Bdesi%2Bdalton%2B19555%2B04%2B27%2B2015%26tr%3Dudp%253A%252F%252Ftracker4.piratux.com%253A6969%252Fannounce%26tr%3Dudp%253A%252F%252Fopen.demonii.com%253A1337</url><id>cat_10567023</id>
</item>


cat_10567022

<item>
239.48<title>[MyFriendsHotMom] Desi Dalton (19555 / 04.27.2015)</title><url>magnet%3A%3Fxt%3Durn%3Abtih%3AE79264ECB5912AB69E0F5099A0E686BD388C82A4%26dn%3Dmyfriendshotmom%2Bdesi%2Bdalton%2B19555%2B04%2B27%2B2015%26tr%3Dudp%253A%252F%252Fglotorrents.pw%253A6969%252Fannounce%26tr%3Dudp%253A%252F%252Fopen.demonii.com%253A1337</url><id>cat_10567022</id>
</item>


cat_10567019

<item>
740.90<title>[NaughtyOffice] Ryder Skye (19547 / 04.27.2015)</title><url>magnet%3A%3Fxt%3Durn%3Abtih%3A3FA1A1C606135B6F6C431BD46EB18F380263A7EC%26dn%3Dnaughtyoffice%2Bryder%2Bskye%2B19547%2B04%2B27%2B2015%26tr%3Dudp%253A%252F%252Ftracker4.piratux.com%253A6969%252Fannounce%26tr%3Dudp%253A%252F%252Fopen.demonii.com%253A1337</url><id>cat_10567019</id>
</item>


cat_10567018

<item>
271.43<title>[NaughtyOffice] Ryder Skye (19547 / 04.27.2015)</title><url>magnet%3A%3Fxt%3Durn%3Abtih%3A7987BCC96CBC11AF8784A2FF8C328E64CE814BC9%26dn%3Dnaughtyoffice%2Bryder%2Bskye%2B19547%2B04%2B27%2B2015%26tr%3Dudp%253A%252F%252Ftracker4.piratux.com%253A6969%252Fannounce%26tr%3Dudp%253A%252F%252Fopen.demonii.com%253A1337</url><id>cat_10567018</id>
</item>


cat_10567000

<item>
125.55<title>[Babes] Alexis Crystal, Klarisa Leone (Sex Ed / 04.27.2015)</title><url>magnet%3A%3Fxt%3Durn%3Abtih%3A43832BE6B91997BE690C3846BEBD7B9A7D8E78F5%26dn%3Dbabes%2Balexis%2Bcrystal%2Bklarisa%2Bleone%2Bsex%2Bed%2B04%2B27%2B2015%26tr%3Dudp%253A%252F%252Ftracker4.piratux.com%253A6969%252Fannounce%26tr%3Dudp%253A%252F%252Fopen.demonii.com%253A1337</url><id>cat_10567000</id>
</item>


cat_10566991

<item>
375.75<title>[Babes] Alexis Crystal, Klarisa Leone (Sex Ed / 04.27.2015)</title><url>magnet%3A%3Fxt%3Durn%3Abtih%3AE2EFF7B1DFDA92A9BE324C6868A0242882E79B1E%26dn%3Dbabes%2Balexis%2Bcrystal%2Bklarisa%2Bleone%2Bsex%2Bed%2B04%2B27%2B2015%26tr%3Dudp%253A%252F%252Fglotorrents.pw%253A6969%252Fannounce%26tr%3Dudp%253A%252F%252Fopen.demonii.com%253A1337</url><id>cat_10566991</id>
</item>


cat_10566978

<item>
255.48<title>[DigitalPlayground] Dani Daniels (The Break-Up / 04.27.2015)</title><url>magnet%3A%3Fxt%3Durn%3Abtih%3AE3934B81D0086C5273C0B2B72CAFAE8A5FDA6F8F%26dn%3Ddigitalplayground%2Bdani%2Bdaniels%2Bthe%2Bbreak%2Bup%2B04%2B27%2B2015%26tr%3Dudp%253A%252F%252Fglotorrents.pw%253A6969%252Fannounce%26tr%3Dudp%253A%252F%252Fopen.demonii.com%253A1337</url><id>cat_10566978</id>
</item>


cat_10566860

<item>
357.53<title>[FirstTimeAuditions] Charli Ann (Sweet Charli / 04.27.2015)</title><url>magnet%3A%3Fxt%3Durn%3Abtih%3A447BE692A5BC912FB2CDD4C80B318CAD9521A7BB%26dn%3Dfirsttimeauditions%2Bcharli%2Bann%2Bsweet%2Bcharli%2B04%2B27%2B2015%26tr%3Dudp%253A%252F%252Fglotorrents.pw%253A6969%252Fannounce%26tr%3Dudp%253A%252F%252Fopen.demonii.com%253A1337</url><id>cat_10566860</id>
</item>


cat_10566854

<item>
330.15<title>[MilfHunter] Ginger Allen (Juicy Ginger / 04.27.2015)</title><url>magnet%3A%3Fxt%3Durn%3Abtih%3A294BB3481F3B6D3349362500AFE15CD4D5C8A375%26dn%3Dmilfhunter%2Bginger%2Ballen%2Bjuicy%2Bginger%2B04%2B27%2B2015%26tr%3Dudp%253A%252F%252Ftracker4.piratux.com%253A6969%252Fannounce%26tr%3Dudp%253A%252F%252Fopen.demonii.com%253A1337</url><id>cat_10566854</id>
</item>


cat_10566853

<item>
313.85<title>[IKnowThatGirl] Ashley Adams (Ashley&#039;s Before Work Quickie / 04.27.2015)</title><url>magnet%3A%3Fxt%3Durn%3Abtih%3AE293048F209A6BBA4899BD347CF30C10573BD7A6%26dn%3Diknowthatgirl%2Bashley%2Badams%2Bashley%2Bs%2Bbefore%2Bwork%2Bquickie%2B04%2B27%2B2015%26tr%3Dudp%253A%252F%252Ftracker4.piratux.com%253A6969%252Fannounce%26tr%3Dudp%253A%252F%252Fopen.demonii.com%253A1337</url><id>cat_10566853</id>
</item>


cat_10566849

<item>
344.35<title>[BigTitsAtSchool] Katrina Jade (Exchange of Favors / 04.27.2015)</title><url>magnet%3A%3Fxt%3Durn%3Abtih%3A2CBA58E22C72A7C35B17B4E6FCBAC02B9172F07D%26dn%3Dbigtitsatschool%2Bkatrina%2Bjade%2Bexchange%2Bof%2Bfavors%2B04%2B27%2B2015%26tr%3Dudp%253A%252F%252Fglotorrents.pw%253A6969%252Fannounce%26tr%3Dudp%253A%252F%252Fopen.demonii.com%253A1337</url><id>cat_10566849</id>
</item>


cat_10566843

<item>
221.16<title>[MommyGotBoobs] Darla Crane (Mom&#039;s Dirty Book / 04.27.2015)</title><url>magnet%3A%3Fxt%3Durn%3Abtih%3A47F1194CCE77DA0773528AFEF7279E1F24D011FB%26dn%3Dmommygotboobs%2Bdarla%2Bcrane%2Bmom%2Bs%2Bdirty%2Bbook%2B04%2B27%2B2015%26tr%3Dudp%253A%252F%252Ftracker4.piratux.com%253A6969%252Fannounce%26tr%3Dudp%253A%252F%252Fopen.demonii.com%253A1337</url><id>cat_10566843</id>
</item>


cat_10566710

<item>
1019.73<title>[AssTraffic] Julie Skyhigh (13212 / 04.27.2015)</title><url>magnet%3A%3Fxt%3Durn%3Abtih%3AEE50612F00C29EEBD2AAB5C5EE1E1BD3247B383A%26dn%3Dasstraffic%2Bjulie%2Bskyhigh%2B13212%2B04%2B27%2B2015%26tr%3Dudp%253A%252F%252Fglotorrents.pw%253A6969%252Fannounce%26tr%3Dudp%253A%252F%252Fopen.demonii.com%253A1337</url><id>cat_10566710</id>
</item>


cat_10566709

<item>
553.57<title>[Castingcouch-X] Kimmy Granger (Kimmy / 04.27.2015)</title><url>magnet%3A%3Fxt%3Durn%3Abtih%3A707B2231C3281CB8EF02D05B40731E2717C5BD96%26dn%3Dcastingcouch%2Bx%2Bkimmy%2Bgranger%2Bkimmy%2B04%2B27%2B2015%26tr%3Dudp%253A%252F%252Fglotorrents.pw%253A6969%252Fannounce%26tr%3Dudp%253A%252F%252Fopen.demonii.com%253A1337</url><id>cat_10566709</id>
</item>


cat_10566700

<item>
466.31<title>JulesJordan - Britney Amber - Manuel DPs Them All 2</title><url>magnet%3A%3Fxt%3Durn%3Abtih%3A1DD14EEA7ED67487D5D4C5A69BAA0BE2E6BA0681%26dn%3Djulesjordan%2Bbritney%2Bamber%2Bmanuel%2Bdps%2Bthem%2Ball%2B2%26tr%3Dudp%253A%252F%252Ftracker4.piratux.com%253A6969%252Fannounce%26tr%3Dudp%253A%252F%252Fopen.demonii.com%253A1337</url><id>cat_10566700</id>
</item>


cat_10566688

<item>
949.54<title>[WakeUpNFuck] Alexa Tomas (WUNF 154 / 04.24.2015)</title><url>magnet%3A%3Fxt%3Durn%3Abtih%3A6410381C47B0A5337471B7032D42C02A3D824F46%26dn%3Dwakeupnfuck%2Balexa%2Btomas%2Bwunf%2B154%2B04%2B24%2B2015%26tr%3Dudp%253A%252F%252Ftracker4.piratux.com%253A6969%252Fannounce%26tr%3Dudp%253A%252F%252Fopen.demonii.com%253A1337</url><id>cat_10566688</id>
</item>


cat_10566671

<item>
220.63<title>[21Naturals] Megan Rain (Let it Rain! / 400137 / 04.26.2015)</title><url>magnet%3A%3Fxt%3Durn%3Abtih%3AAC2A15030D2E63448C98F357C36297DA90178C06%26dn%3D21naturals%2Bmegan%2Brain%2Blet%2Bit%2Brain%2B400137%2B04%2B26%2B2015%26tr%3Dudp%253A%252F%252Ftracker4.piratux.com%253A6969%252Fannounce%26tr%3Dudp%253A%252F%252Fopen.demonii.com%253A1337</url><id>cat_10566671</id>
</item>


cat_10566654

<item>
537.48<title>[Blacked] Cadence Lux (Hot Blonde Girl Pays Off Boyfriends Debt By Fucking BBC / 04.26.2015)</title><url>magnet%3A%3Fxt%3Durn%3Abtih%3A552F16B5ACB27331F0A1D1773F231C57685C0F89%26dn%3Dblacked%2Bcadence%2Blux%2Bhot%2Bblonde%2Bgirl%2Bpays%2Boff%2Bboyfriends%2Bdebt%2Bby%2Bfucking%2Bbbc%2B04%2B26%2B2015%26tr%3Dudp%253A%252F%252Ftracker4.piratux.com%253A6969%252Fannounce%26tr%3Dudp%253A%252F%252Fopen.demonii.com%253A1337</url><id>cat_10566654</id>
</item>


cat_10566653

<item>
277.19<title>[Blacked] Cadence Lux (Hot Blonde Girl Pays Off Boyfriends Debt By Fucking BBC / 04.26.2015)</title><url>magnet%3A%3Fxt%3Durn%3Abtih%3AA863BC7ECA9199F05E7A3BC0C5F78ED0FA183728%26dn%3Dblacked%2Bcadence%2Blux%2Bhot%2Bblonde%2Bgirl%2Bpays%2Boff%2Bboyfriends%2Bdebt%2Bby%2Bfucking%2Bbbc%2B04%2B26%2B2015%26tr%3Dudp%253A%252F%252Ftracker4.piratux.com%253A6969%252Fannounce%26tr%3Dudp%253A%252F%252Fopen.demonii.com%253A1337</url><id>cat_10566653</id>
</item>


cat_10566636

<item>
394.16<title>[SexArt] Amarna Miller (Parole Parole Parole / 04.26.2015)</title><url>magnet%3A%3Fxt%3Durn%3Abtih%3A7186601D3053010A416AC0FC3F3C7442CEF0116C%26dn%3Dsexart%2Bamarna%2Bmiller%2Bparole%2Bparole%2Bparole%2B04%2B26%2B2015%26tr%3Dudp%253A%252F%252Ftracker4.piratux.com%253A6969%252Fannounce%26tr%3Dudp%253A%252F%252Fopen.demonii.com%253A1337</url><id>cat_10566636</id>
</item>


cat_10562950

<item>
457.81<title>[MrAnal] Blondie Fesser (Blowing Out Blondie Fesser&#039;s Asshole / ma13835 / 04.26.2015)</title><url>magnet%3A%3Fxt%3Durn%3Abtih%3A03AF0E94FC783A38A34824AAD1B8E64E7D32920C%26dn%3Dmranal%2Bblondie%2Bfesser%2Bblowing%2Bout%2Bblondie%2Bfesser%2Bs%2Basshole%2Bma13835%2B04%2B26%2B2015%26tr%3Dudp%253A%252F%252Ftracker4.piratux.com%253A6969%252Fannounce%26tr%3Dudp%253A%252F%252Fopen.demonii.com%253A1337</url><id>cat_10562950</id>
</item>


cat_10562940

<item>
330.94<title>[MrAnal] Blondie Fesser (Blowing Out Blondie Fesser&#039;s Asshole / ma13835 / 04.26.2015)</title><url>magnet%3A%3Fxt%3Durn%3Abtih%3A85F74D288DC8F6CA859578027B59F0D5A448D451%26dn%3Dmranal%2Bblondie%2Bfesser%2Bblowing%2Bout%2Bblondie%2Bfesser%2Bs%2Basshole%2Bma13835%2B04%2B26%2B2015%26tr%3Dudp%253A%252F%252Ftracker4.piratux.com%253A6969%252Fannounce%26tr%3Dudp%253A%252F%252Fopen.demonii.com%253A1337</url><id>cat_10562940</id>
</item>


cat_10562778

<item>
936.34<title>The Violation Of Nikita Denise: A Lesbian Gang Bang [DVDRip]</title><url>magnet%3A%3Fxt%3Durn%3Abtih%3A8A8E5A6174DFF20A5F88B586980DE560CC6ADB27%26dn%3Dthe%2Bviolation%2Bof%2Bnikita%2Bdenise%2Ba%2Blesbian%2Bgang%2Bbang%2Bdvdrip%26tr%3Dudp%253A%252F%252Ftracker4.piratux.com%253A6969%252Fannounce%26tr%3Dudp%253A%252F%252Fopen.demonii.com%253A1337</url><id>cat_10562778</id>
</item>


cat_10562699

<item>
449.92<title>[RubATeen] Mackenzie Loves Anal (04.25.2015)</title><url>magnet%3A%3Fxt%3Durn%3Abtih%3A8DF84C6AE77BF9970C0CA605FE0EA47964BC35C3%26dn%3Drubateen%2Bmackenzie%2Bloves%2Banal%2B04%2B25%2B2015%26tr%3Dudp%253A%252F%252Ftracker4.piratux.com%253A6969%252Fannounce%26tr%3Dudp%253A%252F%252Fopen.demonii.com%253A1337</url><id>cat_10562699</id>
</item>


cat_10562676

<item>
305.57<title>DorcelClub - Manon Martin - Orgasmic Sex For Manon Martin</title><url>magnet%3A%3Fxt%3Durn%3Abtih%3A4005F1F3D9FCF33917BDF674B85C1CDEFAE2134B%26dn%3Ddorcelclub%2Bmanon%2Bmartin%2Borgasmic%2Bsex%2Bfor%2Bmanon%2Bmartin%26tr%3Dudp%253A%252F%252Ftracker4.piratux.com%253A6969%252Fannounce%26tr%3Dudp%253A%252F%252Fopen.demonii.com%253A1337</url><id>cat_10562676</id>
</item>


cat_10562672

<item>
233.76<title>DorcelClub - Tiffany Doll - Tiffany, The Mechanic Slut Fucked In DP</title><url>magnet%3A%3Fxt%3Durn%3Abtih%3ACCE95DE1200A81EE1A133FF6551E84D68B2ADA48%26dn%3Ddorcelclub%2Btiffany%2Bdoll%2Btiffany%2Bthe%2Bmechanic%2Bslut%2Bfucked%2Bin%2Bdp%26tr%3Dudp%253A%252F%252Fglotorrents.pw%253A6969%252Fannounce%26tr%3Dudp%253A%252F%252Fopen.demonii.com%253A1337</url><id>cat_10562672</id>
</item>


cat_10562643

<item>
117.08<title>[TheArtPorn] Ilana (Red velvet lust / tap0252 / 04.23.2015)</title><url>magnet%3A%3Fxt%3Durn%3Abtih%3A0DD3011872DEB7EEC4286B328362045C53F8F1BF%26dn%3Dtheartporn%2Bilana%2Bred%2Bvelvet%2Blust%2Btap0252%2B04%2B23%2B2015%26tr%3Dudp%253A%252F%252Ftracker4.piratux.com%253A6969%252Fannounce%26tr%3Dudp%253A%252F%252Fopen.demonii.com%253A1337</url><id>cat_10562643</id>
</item>


cat_10562454

<item>
669.39<title>[FakeAgentUK] Sasha Steele (Creampie For Sexy Blonde MILF / 1169 / 04.26.2015)</title><url>magnet%3A%3Fxt%3Durn%3Abtih%3A1F49ADC6A667AABC1CB48E6180CE74FF098B2566%26dn%3Dfakeagentuk%2Bsasha%2Bsteele%2Bcreampie%2Bfor%2Bsexy%2Bblonde%2Bmilf%2B1169%2B04%2B26%2B2015%26tr%3Dudp%253A%252F%252Fglotorrents.pw%253A6969%252Fannounce%26tr%3Dudp%253A%252F%252Fopen.demonii.com%253A1337</url><id>cat_10562454</id>
</item>


cat_10562430

<item>
585.79<title>[DoctorAdventures] Peta Jensen (Teaching Her How To Cum / 04.26.2015)</title><url>magnet%3A%3Fxt%3Durn%3Abtih%3A8E8F27DFC5B78112CD4DAC5D2B8C3692BD2D1C95%26dn%3Ddoctoradventures%2Bpeta%2Bjensen%2Bteaching%2Bher%2Bhow%2Bto%2Bcum%2B04%2B26%2B2015%26tr%3Dudp%253A%252F%252Ftracker4.piratux.com%253A6969%252Fannounce%26tr%3Dudp%253A%252F%252Fopen.demonii.com%253A1337</url><id>cat_10562430</id>
</item>


cat_10562427

<item>
753.69<title>[BigWetButts] Alena Croft (Alena Croft: The Notorious B O O T Y / 04 26 2015)</title><url>magnet%3A%3Fxt%3Durn%3Abtih%3A7B236D08C582AC9D8677355DE53A83081E27AB74%26dn%3Dbigwetbutts%2Balena%2Bcroft%2Balena%2Bcroft%2Bthe%2Bnotorious%2Bb%2Bo%2Bo%2Bt%2By%2B04%2B26%2B2015%26tr%3Dudp%253A%252F%252Ftracker4.piratux.com%253A6969%252Fannounce%26tr%3Dudp%253A%252F%252Fopen.demonii.com%253A1337</url><id>cat_10562427</id>
</item>


cat_10562401

<item>
536.92<title>[FootsieBabes] Jillian Jensen (Naughty Cheerleader / 22486 / 04.26.2015)</title><url>magnet%3A%3Fxt%3Durn%3Abtih%3A4A93B8F25BEADAB5DAB04FE5406F8AB559166573%26dn%3Dfootsiebabes%2Bjillian%2Bjensen%2Bnaughty%2Bcheerleader%2B22486%2B04%2B26%2B2015%26tr%3Dudp%253A%252F%252Ftracker4.piratux.com%253A6969%252Fannounce%26tr%3Dudp%253A%252F%252Fopen.demonii.com%253A1337</url><id>cat_10562401</id>
</item>


cat_10562397

<item>
631<title>[FakeTaxi] Сhubby blonde sucks cock for a free ride (1224 / 04.26.2015)</title><url>magnet%3A%3Fxt%3Durn%3Abtih%3A95C8B23767379BD1657A7FB6B3B39AC71989E551%26dn%3Dfaketaxi%2B%25D0%25A1hubby%2Bblonde%2Bsucks%2Bcock%2Bfor%2Ba%2Bfree%2Bride%2B1224%2B04%2B26%2B2015%26tr%3Dudp%253A%252F%252Fglotorrents.pw%253A6969%252Fannounce%26tr%3Dudp%253A%252F%252Fopen.demonii.com%253A1337</url><id>cat_10562397</id>
</item>


cat_10562395

<item>
218.48<title>[TwistysHard] Sara Luvv (All Dolled Up / 04.26.2015)</title><url>magnet%3A%3Fxt%3Durn%3Abtih%3A40E06EAB5E4C9FEAF9C66A27E727F72E26F83B9D%26dn%3Dtwistyshard%2Bsara%2Bluvv%2Ball%2Bdolled%2Bup%2B04%2B26%2B2015%26tr%3Dudp%253A%252F%252Ftracker4.piratux.com%253A6969%252Fannounce%26tr%3Dudp%253A%252F%252Fopen.demonii.com%253A1337</url><id>cat_10562395</id>
</item>


cat_10562373

<item>
727.24<title>[TwistysHard] Sara Luvv (All Dolled Up / 04.26.2015)</title><url>magnet%3A%3Fxt%3Durn%3Abtih%3AD6D290AF56775660A71C9082D4A29D591C378706%26dn%3Dtwistyshard%2Bsara%2Bluvv%2Ball%2Bdolled%2Bup%2B04%2B26%2B2015%26tr%3Dudp%253A%252F%252Fglotorrents.pw%253A6969%252Fannounce%26tr%3Dudp%253A%252F%252Fopen.demonii.com%253A1337</url><id>cat_10562373</id>
</item>


cat_10562363

<item>
338.93<title>[ClubSandy] Veronica Rodriguez (Lonely Latina Girl / 101389 / 04.26.2015)</title><url>magnet%3A%3Fxt%3Durn%3Abtih%3AC0F2434CF3BCBC63B9EE464510B2D8F619DBBCE4%26dn%3Dclubsandy%2Bveronica%2Brodriguez%2Blonely%2Blatina%2Bgirl%2B101389%2B04%2B26%2B2015%26tr%3Dudp%253A%252F%252Fglotorrents.pw%253A6969%252Fannounce%26tr%3Dudp%253A%252F%252Fopen.demonii.com%253A1337</url><id>cat_10562363</id>
</item>


cat_10562362

<item>
165.76<title>[ClubSandy] Veronica Rodriguez (Lonely Latina Girl / 101389 / 04.26.2015)</title><url>magnet%3A%3Fxt%3Durn%3Abtih%3A4587B88F8F153468B5DF1F97D211332F4A5BDB33%26dn%3Dclubsandy%2Bveronica%2Brodriguez%2Blonely%2Blatina%2Bgirl%2B101389%2B04%2B26%2B2015%26tr%3Dhttp%253A%252F%252Fbt.unionpron.org%253A444%252Fannounce%26tr%3Dudp%253A%252F%252Fopen.demonii.com%253A1337</url><id>cat_10562362</id>
</item>


cat_10562314

<item>
427.73<title>[MikeInBrazil] Barbara Gregorio (Play And Suck / 04.26.2015)</title><url>magnet%3A%3Fxt%3Durn%3Abtih%3ADAC89D28E6445B9FCC6C41D761DCCFC3FEFEDACA%26dn%3Dmikeinbrazil%2Bbarbara%2Bgregorio%2Bplay%2Band%2Bsuck%2B04%2B26%2B2015%26tr%3Dudp%253A%252F%252Fglotorrents.pw%253A6969%252Fannounce%26tr%3Dudp%253A%252F%252Fopen.demonii.com%253A1337</url><id>cat_10562314</id>
</item>


cat_10562309

<item>
312.42<title>[DoctorAdventures] Peta Jensen (Teaching Her How To Cum / 04.26.2015)</title><url>magnet%3A%3Fxt%3Durn%3Abtih%3A984F463E856E47C78F89ED35ACA8DB0B16389C25%26dn%3Ddoctoradventures%2Bpeta%2Bjensen%2Bteaching%2Bher%2Bhow%2Bto%2Bcum%2B04%2B26%2B2015%26tr%3Dudp%253A%252F%252Fglotorrents.pw%253A6969%252Fannounce%26tr%3Dudp%253A%252F%252Fopen.demonii.com%253A1337</url><id>cat_10562309</id>
</item>


cat_10562308

<item>
402.35<title>[BigWetButts] Alena Croft (Alena Croft: The Notorious B O O T Y / 04 26 2015)</title><url>magnet%3A%3Fxt%3Durn%3Abtih%3AE86650080A793D57B67E28298B1BB62C62FDB6AB%26dn%3Dbigwetbutts%2Balena%2Bcroft%2Balena%2Bcroft%2Bthe%2Bnotorious%2Bb%2Bo%2Bo%2Bt%2By%2B04%2B26%2B2015%26tr%3Dudp%253A%252F%252Ftracker4.piratux.com%253A6969%252Fannounce%26tr%3Dudp%253A%252F%252Fopen.demonii.com%253A1337</url><id>cat_10562308</id>
</item>


cat_10562305

<item>
327.43<title>[PublicPickUps] Anna Polina (Anna Works for That Thick Wad / 04.26.2015)</title><url>magnet%3A%3Fxt%3Durn%3Abtih%3A0C839889105E032E95A337C10F84D9890B1A676B%26dn%3Dpublicpickups%2Banna%2Bpolina%2Banna%2Bworks%2Bfor%2Bthat%2Bthick%2Bwad%2B04%2B26%2B2015%26tr%3Dudp%253A%252F%252Fglotorrents.pw%253A6969%252Fannounce%26tr%3Dudp%253A%252F%252Fopen.demonii.com%253A1337</url><id>cat_10562305</id>
</item>


cat_10562294

<item>
670.69<title>AnalBeauty - Licije</title><url>magnet%3A%3Fxt%3Durn%3Abtih%3A80200F7CE11DF5AD04F465BF94D405F632187B0F%26dn%3Danalbeauty%2Blicije%26tr%3Dudp%253A%252F%252Ftracker4.piratux.com%253A6969%252Fannounce%26tr%3Dudp%253A%252F%252Fopen.demonii.com%253A1337</url><id>cat_10562294</id>
</item>


cat_10562250

<item>
319.90<title>[WowGirls] Ester (My New Friend. R E D / 04.26.2015)</title><url>magnet%3A%3Fxt%3Durn%3Abtih%3AFDCDEA19AC24C22BA077EFBAD81B712C5B6C53D0%26dn%3Dwowgirls%2Bester%2Bmy%2Bnew%2Bfriend%2Br%2Be%2Bd%2B04%2B26%2B2015%26tr%3Dudp%253A%252F%252Fopen.demonii.com%253A1337%252Fannounce</url><id>cat_10562250</id>
</item>


cat_10562249

<item>
174.60<title>[WowGirls] Ester (My New Friend. R E D / 04.26.2015)</title><url>magnet%3A%3Fxt%3Durn%3Abtih%3A6E7EB428B1E4C40E8B524732195A6E3E1E47EB21%26dn%3Dwowgirls%2Bester%2Bmy%2Bnew%2Bfriend%2Br%2Be%2Bd%2B04%2B26%2B2015%26tr%3Dudp%253A%252F%252Fglotorrents.pw%253A6969%252Fannounce%26tr%3Dudp%253A%252F%252Fopen.demonii.com%253A1337</url><id>cat_10562249</id>
</item>


cat_10562237

<item>
588.04<title>JamesDeen - Ava Addams - Hardcore 4</title><url>magnet%3A%3Fxt%3Durn%3Abtih%3A83A73337E346480B3CB178425023EA2DDF81F648%26dn%3Djamesdeen%2Bava%2Baddams%2Bhardcore%2B4%26tr%3Dudp%253A%252F%252Ftracker4.piratux.com%253A6969%252Fannounce%26tr%3Dudp%253A%252F%252Fopen.demonii.com%253A1337</url><id>cat_10562237</id>
</item>


cat_10562127

<item>
865.81<title>FakeAgent - Daisy - Shy blonde babe takes first time facial in office</title><url>magnet%3A%3Fxt%3Durn%3Abtih%3AA694D5DC31E57332691A9FBFF57B8F9CDA654C5C%26dn%3Dfakeagent%2Bdaisy%2Bshy%2Bblonde%2Bbabe%2Btakes%2Bfirst%2Btime%2Bfacial%2Bin%2Boffice%26tr%3Dudp%253A%252F%252Ftracker4.piratux.com%253A6969%252Fannounce%26tr%3Dudp%253A%252F%252Fopen.demonii.com%253A1337</url><id>cat_10562127</id>
</item>


cat_10559405

<item>
564.55<title>MyFriendsHotMom - Nina Hartley</title><url>magnet%3A%3Fxt%3Durn%3Abtih%3A524BE12F3C3EB66A95D68CFBE55B8640ADE2AD7D%26dn%3Dmyfriendshotmom%2Bnina%2Bhartley%26tr%3Dudp%253A%252F%252Ftracker4.piratux.com%253A6969%252Fannounce%26tr%3Dudp%253A%252F%252Fopen.demonii.com%253A1337</url><id>cat_10559405</id>
</item>


cat_10559141

<item>
352.13<title>TheBodyXXX - The Body XXX, Beauty Dior - BIG Booty Threesome</title><url>magnet%3A%3Fxt%3Durn%3Abtih%3A85D12E000A6359DF2B1286FAA142682CFB6AAF85%26dn%3Dthebodyxxx%2Bthe%2Bbody%2Bxxx%2Bbeauty%2Bdior%2Bbig%2Bbooty%2Bthreesome%26tr%3Dudp%253A%252F%252Ftracker4.piratux.com%253A6969%252Fannounce%26tr%3Dudp%253A%252F%252Fopen.demonii.com%253A1337</url><id>cat_10559141</id>
</item>


cat_10559070

<item>
311.50<title>TonightsGirlfriend - Asa Akira - Submissive</title><url>magnet%3A%3Fxt%3Durn%3Abtih%3AF790EFB85F3D465D5E5B6AE6E11FBC23865B77E7%26dn%3Dtonightsgirlfriend%2Basa%2Bakira%2Bsubmissive%26tr%3Dudp%253A%252F%252Ftracker4.piratux.com%253A6969%252Fannounce%26tr%3Dudp%253A%252F%252Fopen.demonii.com%253A1337</url><id>cat_10559070</id>
</item>


cat_10558757

<item>
355.54<title>[MonstersOfCock] Mia Khalif (Quarterback sneak on that College pussy / mc13776 / 04.25.2015)</title><url>magnet%3A%3Fxt%3Durn%3Abtih%3A776BB50DA721E789C808C8AD3C4BC24B024EE70A%26dn%3Dmonstersofcock%2Bmia%2Bkhalif%2Bquarterback%2Bsneak%2Bon%2Bthat%2Bcollege%2Bpussy%2Bmc13776%2B04%2B25%2B2015%26tr%3Dhttp%253A%252F%252Fbt.unionpron.org%253A444%252Fannounce%26tr%3Dudp%253A%252F%252Fopen.demonii.com%253A1337</url><id>cat_10558757</id>
</item>


cat_10558673

<item>
624.05<title>[NubileFilms] Natasha Starr, Scarlet Red (Group Fuck Fest / 04.25.2015)</title><url>magnet%3A%3Fxt%3Durn%3Abtih%3AD19BB6CA763ADC3427F257489B2F2FE3F8DEB5D7%26dn%3Dnubilefilms%2Bnatasha%2Bstarr%2Bscarlet%2Bred%2Bgroup%2Bfuck%2Bfest%2B04%2B25%2B2015%26tr%3Dhttp%253A%252F%252Fbt.unionpron.org%253A444%252Fannounce%26tr%3Dudp%253A%252F%252Fopen.demonii.com%253A1337</url><id>cat_10558673</id>
</item>


cat_10558672

<item>
298.88<title>[NubileFilms] Natasha Starr, Scarlet Red (Group Fuck Fest / 04.25.2015)</title><url>magnet%3A%3Fxt%3Durn%3Abtih%3A1274185D2805E31326CE13A38A22D74AB22130E7%26dn%3Dnubilefilms%2Bnatasha%2Bstarr%2Bscarlet%2Bred%2Bgroup%2Bfuck%2Bfest%2B04%2B25%2B2015%26tr%3Dhttp%253A%252F%252Fbt.unionpron.org%253A444%252Fannounce%26tr%3Dudp%253A%252F%252Fopen.demonii.com%253A1337</url><id>cat_10558672</id>
</item>


cat_10558669

<item>
659.47<title>[PetiteHDPorn] Jessa Rhodes (Take It Off / 04.25.2015)</title><url>magnet%3A%3Fxt%3Durn%3Abtih%3AB76294AAE797AF8C63FE92FBD83C4843A6FD5F3C%26dn%3Dpetitehdporn%2Bjessa%2Brhodes%2Btake%2Bit%2Boff%2B04%2B25%2B2015%26tr%3Dhttp%253A%252F%252Fbt.unionpron.org%253A444%252Fannounce%26tr%3Dudp%253A%252F%252Fopen.demonii.com%253A1337</url><id>cat_10558669</id>
</item>


cat_10558049

<item>
844.46<title>[Babes] Susana Melo (Take Me On / 04.25.2015)</title><url>magnet%3A%3Fxt%3Durn%3Abtih%3A10EE77E35442620E872134B15F746F45D4C9538D%26dn%3Dbabes%2Bsusana%2Bmelo%2Btake%2Bme%2Bon%2B04%2B25%2B2015%26tr%3Dhttp%253A%252F%252Fbt.unionpron.org%253A444%252Fannounce%26tr%3Dudp%253A%252F%252Fopen.demonii.com%253A1337</url><id>cat_10558049</id>
</item>


cat_10558048

<item>
505.94<title>[Babes] Susana Melo (Take Me On / 04.25.2015)</title><url>magnet%3A%3Fxt%3Durn%3Abtih%3A6ECA64921E7EAA716587E15C980EDB4833DD9FE5%26dn%3Dbabes%2Bsusana%2Bmelo%2Btake%2Bme%2Bon%2B04%2B25%2B2015%26tr%3Dudp%253A%252F%252Fglotorrents.pw%253A6969%252Fannounce%26tr%3Dudp%253A%252F%252Fopen.demonii.com%253A1337</url><id>cat_10558048</id>
</item>


cat_10558046

<item>
362.35<title>[HotLegsAndFeet] Jasmine Webb (Her Butler&#039;s Footjob / 04.25.2015)</title><url>magnet%3A%3Fxt%3Durn%3Abtih%3AD2BD31CA6F0E82CEDC0F61160530B39D90883E75%26dn%3Dhotlegsandfeet%2Bjasmine%2Bwebb%2Bher%2Bbutler%2Bs%2Bfootjob%2B04%2B25%2B2015%26tr%3Dudp%253A%252F%252Ftracker4.piratux.com%253A6969%252Fannounce%26tr%3Dudp%253A%252F%252Fopen.demonii.com%253A1337</url><id>cat_10558046</id>
</item>


cat_10558045

<item>
389.55<title>[PixAndVideo] Lolly Gartner (Rich Bitch I&#039;d Like to Fuck / 200543 / 04.25.2015)</title><url>magnet%3A%3Fxt%3Durn%3Abtih%3ABFFC4110EFACFEC2BD4D740BBE591A832E736DF1%26dn%3Dpixandvideo%2Blolly%2Bgartner%2Brich%2Bbitch%2Bi%2Bd%2Blike%2Bto%2Bfuck%2B200543%2B04%2B25%2B2015%26tr%3Dudp%253A%252F%252Fglotorrents.pw%253A6969%252Fannounce%26tr%3Dudp%253A%252F%252Fopen.demonii.com%253A1337</url><id>cat_10558045</id>
</item>


cat_10558044

<item>
190.22<title>[PixAndVideo] Lolly Gartner (Rich Bitch I&#039;d Like to Fuck / 200543 / 04.25.2015)</title><url>magnet%3A%3Fxt%3Durn%3Abtih%3A8ECAC0755217F8516A9A6E4CA4D5E8749645F8F3%26dn%3Dpixandvideo%2Blolly%2Bgartner%2Brich%2Bbitch%2Bi%2Bd%2Blike%2Bto%2Bfuck%2B200543%2B04%2B25%2B2015%26tr%3Dudp%253A%252F%252Ftracker4.piratux.com%253A6969%252Fannounce%26tr%3Dudp%253A%252F%252Fopen.demonii.com%253A1337</url><id>cat_10558044</id>
</item>


cat_10558043

<item>
536.96<title>[HappyTugs] Amber Q (Magical Massage / 04.25.2015)</title><url>magnet%3A%3Fxt%3Durn%3Abtih%3AA4F4B12E23723A7C4CCE6DB50F02DF5316C66BA7%26dn%3Dhappytugs%2Bamber%2Bq%2Bmagical%2Bmassage%2B04%2B25%2B2015%26tr%3Dudp%253A%252F%252Ftracker4.piratux.com%253A6969%252Fannounce%26tr%3Dudp%253A%252F%252Fopen.demonii.com%253A1337</url><id>cat_10558043</id>
</item>


cat_10558042

<item>
397.30<title>[AssHoleFever] Shrima Malati (A Nasty Gal&#039;s Dream / 8580 / 04.25.2015)</title><url>magnet%3A%3Fxt%3Durn%3Abtih%3A2E08F71E94B98A0F22C548CAD0DCFBF127E15721%26dn%3Dassholefever%2Bshrima%2Bmalati%2Ba%2Bnasty%2Bgal%2Bs%2Bdream%2B8580%2B04%2B25%2B2015%26tr%3Dudp%253A%252F%252Fglotorrents.pw%253A6969%252Fannounce%26tr%3Dudp%253A%252F%252Fopen.demonii.com%253A1337</url><id>cat_10558042</id>
</item>


cat_10558041

<item>
193.83<title>[AssHoleFever] Shrima Malati (A Nasty Gal&#039;s Dream / 8580 / 04.25.2015)</title><url>magnet%3A%3Fxt%3Durn%3Abtih%3AAA57B4A014935D29B9C28D1C39DB3602B6B86713%26dn%3Dassholefever%2Bshrima%2Bmalati%2Ba%2Bnasty%2Bgal%2Bs%2Bdream%2B8580%2B04%2B25%2B2015%26tr%3Dudp%253A%252F%252Ftracker4.piratux.com%253A6969%252Fannounce%26tr%3Dudp%253A%252F%252Fopen.demonii.com%253A1337</url><id>cat_10558041</id>
</item>


cat_10557980

<item>
372.86<title>[CFNMSecret] Annika Albrite, Peta Jensen (Friendly Fondling / 04.25.2015)</title><url>magnet%3A%3Fxt%3Durn%3Abtih%3A50A8B94FCD11DDEFFAD78B3EF8FC944D9B8CF906%26dn%3Dcfnmsecret%2Bannika%2Balbrite%2Bpeta%2Bjensen%2Bfriendly%2Bfondling%2B04%2B25%2B2015%26tr%3Dudp%253A%252F%252Ftracker4.piratux.com%253A6969%252Fannounce%26tr%3Dudp%253A%252F%252Fopen.demonii.com%253A1337</url><id>cat_10557980</id>
</item>


cat_10557970

<item>
459.41<title>[TeensLoveHugeCocks] Casey Calvert (Crazy For Casey / 04.25.2015)</title><url>magnet%3A%3Fxt%3Durn%3Abtih%3ABF0AFF61F3F10721420B1F619795C3D30ED61886%26dn%3Dteenslovehugecocks%2Bcasey%2Bcalvert%2Bcrazy%2Bfor%2Bcasey%2B04%2B25%2B2015%26tr%3Dudp%253A%252F%252Ftracker4.piratux.com%253A6969%252Fannounce%26tr%3Dudp%253A%252F%252Fopen.demonii.com%253A1337</url><id>cat_10557970</id>
</item>


cat_10557937

<item>
602.14<title>[PornstarsLikeItBig] Allie Haze (Allie&#039;s Personal Workout / 04.25.2015)</title><url>magnet%3A%3Fxt%3Durn%3Abtih%3AC9D406CB5EEEF57518552F0CFEC319CC5D0AE5D7%26dn%3Dpornstarslikeitbig%2Ballie%2Bhaze%2Ballie%2Bs%2Bpersonal%2Bworkout%2B04%2B25%2B2015%26tr%3Dudp%253A%252F%252Ftracker4.piratux.com%253A6969%252Fannounce%26tr%3Dudp%253A%252F%252Fopen.demonii.com%253A1337</url><id>cat_10557937</id>
</item>


cat_10557933

<item>
544.44<title>[TeensLikeItBig] Kalina Ryu, Morgan Lee (Rub N Tug Trainee / 04.25.2015)</title><url>magnet%3A%3Fxt%3Durn%3Abtih%3AF1C0167AF30C3B8A68CAB527C42748BC7F91163D%26dn%3Dteenslikeitbig%2Bkalina%2Bryu%2Bmorgan%2Blee%2Brub%2Bn%2Btug%2Btrainee%2B04%2B25%2B2015%26tr%3Dudp%253A%252F%252Ftracker4.piratux.com%253A6969%252Fannounce%26tr%3Dudp%253A%252F%252Fopen.demonii.com%253A1337</url><id>cat_10557933</id>
</item>


cat_10557827

<item>
290.47<title>[TeensLikeItBig] Kalina Ryu, Morgan Lee (Rub N Tug Trainee / 04.25.2015)</title><url>magnet%3A%3Fxt%3Durn%3Abtih%3A6DFF3D699DE75B2AEF2601D9E6C72385FABAD326%26dn%3Dteenslikeitbig%2Bkalina%2Bryu%2Bmorgan%2Blee%2Brub%2Bn%2Btug%2Btrainee%2B04%2B25%2B2015%26tr%3Dudp%253A%252F%252Ftracker4.piratux.com%253A6969%252Fannounce%26tr%3Dudp%253A%252F%252Fopen.demonii.com%253A1337</url><id>cat_10557827</id>
</item>


cat_10557824

<item>
321.29<title>[PornstarsLikeItBig] Allie Haze (Allie&#039;s Personal Workout / 04.25.2015)</title><url>magnet%3A%3Fxt%3Durn%3Abtih%3A24DE7FE42880CD5A8193E608C38D20AE12B0F7F5%26dn%3Dpornstarslikeitbig%2Ballie%2Bhaze%2Ballie%2Bs%2Bpersonal%2Bworkout%2B04%2B25%2B2015%26tr%3Dudp%253A%252F%252Ftracker4.piratux.com%253A6969%252Fannounce%26tr%3Dudp%253A%252F%252Fopen.demonii.com%253A1337</url><id>cat_10557824</id>
</item>


cat_10557818

<item>
144.69<title>[MofosBSides] Daisy Owens (Redhead Fucks by the Pool / 04.25.2015)</title><url>magnet%3A%3Fxt%3Durn%3Abtih%3A7851FB601981D825CAA0F3283BBF6C238547737C%26dn%3Dmofosbsides%2Bdaisy%2Bowens%2Bredhead%2Bfucks%2Bby%2Bthe%2Bpool%2B04%2B25%2B2015%26tr%3Dudp%253A%252F%252Ftracker4.piratux.com%253A6969%252Fannounce%26tr%3Dudp%253A%252F%252Fopen.demonii.com%253A1337</url><id>cat_10557818</id>
</item>


cat_10557775

<item>
404.75<title>[Creampie-Angels] Jody D (01-04-2015)</title><url>magnet%3A%3Fxt%3Durn%3Abtih%3AF4CB1A55419AC02C1BB7A46F35C95A8DE091C3B7%26dn%3Dcreampie%2Bangels%2Bjody%2Bd%2B01%2B04%2B2015%26tr%3Dudp%253A%252F%252Ftracker4.piratux.com%253A6969%252Fannounce%26tr%3Dudp%253A%252F%252Fopen.demonii.com%253A1337</url><id>cat_10557775</id>
</item>


cat_10557773

<item>
842.85<title>[GirlsDoPorn] 18 Years Old (E311 / 04.25.2015)</title><url>magnet%3A%3Fxt%3Durn%3Abtih%3A1803E68A57D0AE24D42C623D5241DA3FD3910158%26dn%3Dgirlsdoporn%2B18%2Byears%2Bold%2Be311%2B04%2B25%2B2015%26tr%3Dudp%253A%252F%252Ftracker4.piratux.com%253A6969%252Fannounce%26tr%3Dudp%253A%252F%252Fopen.demonii.com%253A1337</url><id>cat_10557773</id>
</item>


cat_10557772

<item>
439.87<title>[RealExGirlfriends] Scarlett Rose (Dancing For Cock / 04.25.2015)</title><url>magnet%3A%3Fxt%3Durn%3Abtih%3AE5FBAAC97D4902F813172FA552793910E5289DFA%26dn%3Drealexgirlfriends%2Bscarlett%2Brose%2Bdancing%2Bfor%2Bcock%2B04%2B25%2B2015%26tr%3Dudp%253A%252F%252Fglotorrents.pw%253A6969%252Fannounce%26tr%3Dudp%253A%252F%252Fopen.demonii.com%253A1337</url><id>cat_10557772</id>
</item>


cat_10557771

<item>
475.99<title>[PureMature] Anna Bell Peaks (The Art of Flesh / 04.25.2015)</title><url>magnet%3A%3Fxt%3Durn%3Abtih%3A79B945EB96393B846CC2232F15C36F7FF83AD41D%26dn%3Dpuremature%2Banna%2Bbell%2Bpeaks%2Bthe%2Bart%2Bof%2Bflesh%2B04%2B25%2B2015%26tr%3Dudp%253A%252F%252Fglotorrents.pw%253A6969%252Fannounce%26tr%3Dudp%253A%252F%252Fopen.demonii.com%253A1337</url><id>cat_10557771</id>
</item>


cat_10557766

<item>
447.24<title>[PornFidelity] Cadence Luxx (Make&#039;em Sweat #8 / 04.24.2015)</title><url>magnet%3A%3Fxt%3Durn%3Abtih%3ADB0C8CC6B78167D930557EA8C5D45D036B39D1BF%26dn%3Dpornfidelity%2Bcadence%2Bluxx%2Bmake%2Bem%2Bsweat%2B8%2B04%2B24%2B2015%26tr%3Dudp%253A%252F%252Ftracker4.piratux.com%253A6969%252Fannounce%26tr%3Dudp%253A%252F%252Fopen.demonii.com%253A1337</url><id>cat_10557766</id>
</item>


cat_10557759

<item>
757.11<title>[WoodmanCastingX] Vicky Braun (* Updated * / Casting X 126 / 04.20.2015)</title><url>magnet%3A%3Fxt%3Durn%3Abtih%3A880E9C7E9E303912176493C9EB1CE24B2BC6D3CD%26dn%3Dwoodmancastingx%2Bvicky%2Bbraun%2Bupdated%2Bcasting%2Bx%2B126%2B04%2B20%2B2015%26tr%3Dudp%253A%252F%252Ftracker4.piratux.com%253A6969%252Fannounce%26tr%3Dudp%253A%252F%252Fopen.demonii.com%253A1337</url><id>cat_10557759</id>
</item>


cat_10557752

<item>
241.86<title>LaFRANCEaPoil - Blonde Amateur Ass-Fucked At The Laundromat</title><url>magnet%3A%3Fxt%3Durn%3Abtih%3AD97461C435F9351A903939DBCB3685E73ECDBFA2%26dn%3Dlafranceapoil%2Bblonde%2Bamateur%2Bass%2Bfucked%2Bat%2Bthe%2Blaundromat%26tr%3Dudp%253A%252F%252Ftracker4.piratux.com%253A6969%252Fannounce%26tr%3Dudp%253A%252F%252Fopen.demonii.com%253A1337</url><id>cat_10557752</id>
</item>


cat_10557738

<item>
353.36<title>[MrAnal] Bonnie Rotten (Bonnie Rotten gets her asshole blown out / ma13641 / 04.24.2015)</title><url>magnet%3A%3Fxt%3Durn%3Abtih%3AAE55637593BC6DBDCC95F9C43C1DAD7DA8988877%26dn%3Dmranal%2Bbonnie%2Brotten%2Bbonnie%2Brotten%2Bgets%2Bher%2Basshole%2Bblown%2Bout%2Bma13641%2B04%2B24%2B2015%26tr%3Dudp%253A%252F%252Ftracker4.piratux.com%253A6969%252Fannounce%26tr%3Dudp%253A%252F%252Fopen.demonii.com%253A1337</url><id>cat_10557738</id>
</item>


cat_10557737

<item>
257.45<title>[MrAnal] Bonnie Rotten (Bonnie Rotten gets her asshole blown out / ma13641 / 04.24.2015)</title><url>magnet%3A%3Fxt%3Durn%3Abtih%3AF2BE2460870E954F0F22E624D933455C84B2F74B%26dn%3Dmranal%2Bbonnie%2Brotten%2Bbonnie%2Brotten%2Bgets%2Bher%2Basshole%2Bblown%2Bout%2Bma13641%2B04%2B24%2B2015%26tr%3Dudp%253A%252F%252Ftracker4.piratux.com%253A6969%252Fannounce%26tr%3Dudp%253A%252F%252Fopen.demonii.com%253A1337</url><id>cat_10557737</id>
</item>


cat_10557725

<item>
316.99<title>LaFRANCEaPoil - Amandine - French Schoolgirl Sodomized Outdoors</title><url>magnet%3A%3Fxt%3Durn%3Abtih%3AF40571CFB43C53F3386FBD32DB0B197441C9C6F7%26dn%3Dlafranceapoil%2Bamandine%2Bfrench%2Bschoolgirl%2Bsodomized%2Boutdoors%26tr%3Dudp%253A%252F%252Ftracker4.piratux.com%253A6969%252Fannounce%26tr%3Dudp%253A%252F%252Fopen.demonii.com%253A1337</url><id>cat_10557725</id>
</item>


cat_10557711

<item>
537.52<title>[TheRealWorkout] Alexis Rodriguez (Ball Girl Gets Fucked / 04.24.2015)</title><url>magnet%3A%3Fxt%3Durn%3Abtih%3AC88540DB5E34F0C1DB56FF2885F9BBE9213A3E3D%26dn%3Dtherealworkout%2Balexis%2Brodriguez%2Bball%2Bgirl%2Bgets%2Bfucked%2B04%2B24%2B2015%26tr%3Dudp%253A%252F%252Fglotorrents.pw%253A6969%252Fannounce%26tr%3Dudp%253A%252F%252Fopen.demonii.com%253A1337</url><id>cat_10557711</id>
</item>


cat_10557687

<item>
391.62<title>PornMegaLoad - Cammille Austin - Wife, Mother And Grandmother Ass Fucked By Two Guys</title><url>magnet%3A%3Fxt%3Durn%3Abtih%3A8D43323C4E0810893E31CD439E6D6637252005D7%26dn%3Dpornmegaload%2Bcammille%2Baustin%2Bwife%2Bmother%2Band%2Bgrandmother%2Bass%2Bfucked%2Bby%2Btwo%2Bguys%26tr%3Dudp%253A%252F%252Ftracker4.piratux.com%253A6969%252Fannounce%26tr%3Dudp%253A%252F%252Fopen.demonii.com%253A1337</url><id>cat_10557687</id>
</item>


cat_10557682

<item>
610.45<title>JacquieetMichelTV - Gladys - Bib Boob Mature French Lady Outdoors</title><url>magnet%3A%3Fxt%3Durn%3Abtih%3AD170406CA245C6F6538B447877D388BF5AC2FF22%26dn%3Djacquieetmicheltv%2Bgladys%2Bbib%2Bboob%2Bmature%2Bfrench%2Blady%2Boutdoors%26tr%3Dudp%253A%252F%252Ftracker4.piratux.com%253A6969%252Fannounce%26tr%3Dudp%253A%252F%252Fopen.demonii.com%253A1337</url><id>cat_10557682</id>
</item>


cat_10557663

<item>
396.07<title>JacquieetMichelTV - Soraya - French MILF Gets DPd</title><url>magnet%3A%3Fxt%3Durn%3Abtih%3AF715761140BEC544334A6EFEAE9FFA8ED2739DED%26dn%3Djacquieetmicheltv%2Bsoraya%2Bfrench%2Bmilf%2Bgets%2Bdpd%26tr%3Dudp%253A%252F%252Ftracker4.piratux.com%253A6969%252Fannounce%26tr%3Dudp%253A%252F%252Fopen.demonii.com%253A1337</url><id>cat_10557663</id>
</item>


cat_10557488

<item>
260.18<title>JacquieetMichelTV - Alicia - Blonde French Anal Casting</title><url>magnet%3A%3Fxt%3Durn%3Abtih%3AC41BA539DA3CEC16483CD3E0AB7C52E228139D99%26dn%3Djacquieetmicheltv%2Balicia%2Bblonde%2Bfrench%2Banal%2Bcasting%26tr%3Dudp%253A%252F%252Ftracker4.piratux.com%253A6969%252Fannounce%26tr%3Dudp%253A%252F%252Fopen.demonii.com%253A1337</url><id>cat_10557488</id>
</item>


cat_10557333

<item>
426.64<title>JacquieetMichelTV - Zoe - French Teen Hard DP</title><url>magnet%3A%3Fxt%3Durn%3Abtih%3AFC61311187F74C824FDCCEF2E224813B12432A35%26dn%3Djacquieetmicheltv%2Bzoe%2Bfrench%2Bteen%2Bhard%2Bdp%26tr%3Dudp%253A%252F%252Ftracker4.piratux.com%253A6969%252Fannounce%26tr%3Dudp%253A%252F%252Fopen.demonii.com%253A1337</url><id>cat_10557333</id>
</item>


cat_10554204

<item>
415.46<title>DigitalPlayground - Peta Jensen - The Man With The Golden Love Gun</title><url>magnet%3A%3Fxt%3Durn%3Abtih%3A875BB0D30481A01076F387CDE42454319B1315C2%26dn%3Ddigitalplayground%2Bpeta%2Bjensen%2Bthe%2Bman%2Bwith%2Bthe%2Bgolden%2Blove%2Bgun%26tr%3Dudp%253A%252F%252Ftracker4.piratux.com%253A6969%252Fannounce%26tr%3Dudp%253A%252F%252Fopen.demonii.com%253A1337</url><id>cat_10554204</id>
</item>


cat_10554182

<item>
312.20<title>[TonightsGirlfriend] Cassidy Klein (04.24.2015)</title><url>magnet%3A%3Fxt%3Durn%3Abtih%3AA4B92656D5EAD8A4B3BA9F04CB9CE57A760041D2%26dn%3Dtonightsgirlfriend%2Bcassidy%2Bklein%2B04%2B24%2B2015%26tr%3Dudp%253A%252F%252Ftracker4.piratux.com%253A6969%252Fannounce%26tr%3Dudp%253A%252F%252Fopen.demonii.com%253A1337</url><id>cat_10554182</id>
</item>


cat_10554151

<item>
253.61<title>[DDFBusty] Lucie Wilde, Kyra Hot (Stacked Stress Busters!)</title><url>magnet%3A%3Fxt%3Durn%3Abtih%3AD7EDF670C4F49449B4ADABF06499C5E0107137A2%26dn%3Dddfbusty%2Blucie%2Bwilde%2Bkyra%2Bhot%2Bstacked%2Bstress%2Bbusters%26tr%3Dudp%253A%252F%252Ftracker4.piratux.com%253A6969%252Fannounce%26tr%3Dudp%253A%252F%252Fopen.demonii.com%253A1337</url><id>cat_10554151</id>
</item>


cat_10554059

<item>
852.41<title>[TonightsGirlfriend] Cassidy Klein (04.24.2015)</title><url>magnet%3A%3Fxt%3Durn%3Abtih%3A9B2DA0093749FF83FBAC281927D7DC0300782364%26dn%3Dtonightsgirlfriend%2Bcassidy%2Bklein%2B04%2B24%2B2015%26tr%3Dudp%253A%252F%252Ftracker4.piratux.com%253A6969%252Fannounce%26tr%3Dudp%253A%252F%252Fopen.demonii.com%253A1337</url><id>cat_10554059</id>
</item>


cat_10554038

<item>
198.58<title>TeenPies - London Lynn - Londons First Creampie</title><url>magnet%3A%3Fxt%3Durn%3Abtih%3A3074701D71D0304FC12FD1261F6CE407B9D480CC%26dn%3Dteenpies%2Blondon%2Blynn%2Blondons%2Bfirst%2Bcreampie%26tr%3Dudp%253A%252F%252Ftracker4.piratux.com%253A6969%252Fannounce%26tr%3Dudp%253A%252F%252Fopen.demonii.com%253A1337</url><id>cat_10554038</id>
</item>


cat_10553780

<item>
258.87<title>[HardX] Marley Brinx (Marley Brinx In &#039;Total Anal Hottie&#039; / 04.24.2015)</title><url>magnet%3A%3Fxt%3Durn%3Abtih%3AD5425054378F71F4094DCE15677B4D135D3C7F1B%26dn%3Dhardx%2Bmarley%2Bbrinx%2Bmarley%2Bbrinx%2Bin%2Btotal%2Banal%2Bhottie%2B04%2B24%2B2015%26tr%3Dudp%253A%252F%252Ftracker4.piratux.com%253A6969%252Fannounce%26tr%3Dudp%253A%252F%252Fopen.demonii.com%253A1337</url><id>cat_10553780</id>
</item>


cat_10553707

<item>
806.17<title>I Love My Daddy (NEW 2015 Taboo Heat) [WebDL]</title><url>magnet%3A%3Fxt%3Durn%3Abtih%3A8BEF8E04DA4B9C52CF7525B53AE876E549491975%26dn%3Di%2Blove%2Bmy%2Bdaddy%2Bnew%2B2015%2Btaboo%2Bheat%2Bwebdl%26tr%3Dudp%253A%252F%252Ftracker4.piratux.com%253A6969%252Fannounce%26tr%3Dudp%253A%252F%252Fopen.demonii.com%253A1337</url><id>cat_10553707</id>
</item>


cat_10553491

<item>
385.06<title>[NuruMassage] Julia Ann (I&#039;ve Always Dreamt Of This / 04.24.2015)</title><url>magnet%3A%3Fxt%3Durn%3Abtih%3A2692F6BF293B5BE4958785179A0370213675F90A%26dn%3Dnurumassage%2Bjulia%2Bann%2Bi%2Bve%2Balways%2Bdreamt%2Bof%2Bthis%2B04%2B24%2B2015%26tr%3Dhttp%253A%252F%252Fbt.unionpron.org%253A444%252Fannounce%26tr%3Dudp%253A%252F%252Fopen.demonii.com%253A1337</url><id>cat_10553491</id>
</item>


cat_10553488

<item>
576.85<title>[MassageRooms] Alexis Crystal aka Anouk (Alexis on Thomas / mr1380 / 04.24.2015)</title><url>magnet%3A%3Fxt%3Durn%3Abtih%3A0802B4E197F1513BFE93DDD2C92B0373D8F88153%26dn%3Dmassagerooms%2Balexis%2Bcrystal%2Baka%2Banouk%2Balexis%2Bon%2Bthomas%2Bmr1380%2B04%2B24%2B2015%26tr%3Dhttp%253A%252F%252Fbt.unionpron.org%253A444%252Fannounce%26tr%3Dudp%253A%252F%252Fopen.demonii.com%253A1337</url><id>cat_10553488</id>
</item>


cat_10553486

<item>
326.66<title>[MassageRooms] Alexis Crystal aka Anouk (Alexis on Thomas / mr1380 / 04.24.2015)</title><url>magnet%3A%3Fxt%3Durn%3Abtih%3A095E4904BA50DC9BB894E2A8384CF05F8CBFE9B8%26dn%3Dmassagerooms%2Balexis%2Bcrystal%2Baka%2Banouk%2Balexis%2Bon%2Bthomas%2Bmr1380%2B04%2B24%2B2015%26tr%3Dhttp%253A%252F%252Fbt.unionpron.org%253A444%252Fannounce%26tr%3Dudp%253A%252F%252Fopen.demonii.com%253A1337</url><id>cat_10553486</id>
</item>


cat_10553429

<item>
533.08<title>[AmericanDayDreams] Dana DeArmond (19545 / 04.24.2015)</title><url>magnet%3A%3Fxt%3Durn%3Abtih%3A760745BC48025F78B995CC45E214B521E5E55CEA%26dn%3Damericandaydreams%2Bdana%2Bdearmond%2B19545%2B04%2B24%2B2015%26tr%3Dhttp%253A%252F%252Fbt.unionpron.org%253A444%252Fannounce%26tr%3Dudp%253A%252F%252Fopen.demonii.com%253A1337</url><id>cat_10553429</id>
</item>


cat_10553418

<item>
195.34<title>[AmericanDayDreams] Dana DeArmond (19545 / 04.24.2015)</title><url>magnet%3A%3Fxt%3Durn%3Abtih%3AF03C240E8AD89DF36FC1BAD8BC392620BB046023%26dn%3Damericandaydreams%2Bdana%2Bdearmond%2B19545%2B04%2B24%2B2015%26tr%3Dhttp%253A%252F%252Fbt.unionpron.org%253A444%252Fannounce%26tr%3Dudp%253A%252F%252Fopen.demonii.com%253A1337</url><id>cat_10553418</id>
</item>


cat_10553402

<item>
533.61<title>[DiaryOfANanny] Rahyndee James (19549 / 04.24.2015)</title><url>magnet%3A%3Fxt%3Durn%3Abtih%3AF634E843F89AB5EB8461A07D67568B1BD2064BBB%26dn%3Ddiaryofananny%2Brahyndee%2Bjames%2B19549%2B04%2B24%2B2015%26tr%3Dhttp%253A%252F%252Fbt.unionpron.org%253A444%252Fannounce%26tr%3Dudp%253A%252F%252Fopen.demonii.com%253A1337</url><id>cat_10553402</id>
</item>


cat_10553401

<item>
193.52<title>[DiaryOfANanny] Rahyndee James (19549 / 04.24.2015)</title><url>magnet%3A%3Fxt%3Durn%3Abtih%3A0D5B9F8BF469175ABE20E8C8DA50E49A27EA26F4%26dn%3Ddiaryofananny%2Brahyndee%2Bjames%2B19549%2B04%2B24%2B2015%26tr%3Dhttp%253A%252F%252Fbt.unionpron.org%253A444%252Fannounce%26tr%3Dudp%253A%252F%252Fopen.demonii.com%253A1337</url><id>cat_10553401</id>
</item>


cat_10553370

<item>
592.39<title>[MyFriendsHotMom] Diamond Foxxx, Marsha May (19527 / 04.24.2015)</title><url>magnet%3A%3Fxt%3Durn%3Abtih%3A68B8F0C1CE8491FBBDD8F36295D0B4758431AD62%26dn%3Dmyfriendshotmom%2Bdiamond%2Bfoxxx%2Bmarsha%2Bmay%2B19527%2B04%2B24%2B2015%26tr%3Dhttp%253A%252F%252Fbt.unionpron.org%253A444%252Fannounce%26tr%3Dudp%253A%252F%252Fopen.demonii.com%253A1337</url><id>cat_10553370</id>
</item>


cat_10553366

<item>
214.62<title>[MyFriendsHotMom] Diamond Foxxx, Marsha May (19527 / 04.24.2015)</title><url>magnet%3A%3Fxt%3Durn%3Abtih%3A1911C26D929749FBE4E257CA9EB58CEC98911972%26dn%3Dmyfriendshotmom%2Bdiamond%2Bfoxxx%2Bmarsha%2Bmay%2B19527%2B04%2B24%2B2015%26tr%3Dhttp%253A%252F%252Fbt.unionpron.org%253A444%252Fannounce%26tr%3Dudp%253A%252F%252Fopen.demonii.com%253A1337</url><id>cat_10553366</id>
</item>


cat_10553357

<item>
886.08<title>[JoyMii] Sicilia (Erotic Massage / 04.24.2015)</title><url>magnet%3A%3Fxt%3Durn%3Abtih%3AF4907009B345216BAB31FD00CFDAFFECEDA2E1BD%26dn%3Djoymii%2Bsicilia%2Berotic%2Bmassage%2B04%2B24%2B2015%26tr%3Dhttp%253A%252F%252Fbt.unionpron.org%253A444%252Fannounce%26tr%3Dudp%253A%252F%252Fopen.demonii.com%253A1337</url><id>cat_10553357</id>
</item>


cat_10553356

<item>
463.05<title>[JoyMii] Sicilia (Erotic Massage / 04.24.2015)</title><url>magnet%3A%3Fxt%3Durn%3Abtih%3A9740D9F1FE704B0457679A48BD5A225D8EA11B85%26dn%3Djoymii%2Bsicilia%2Berotic%2Bmassage%2B04%2B24%2B2015%26tr%3Dhttp%253A%252F%252Fbt.unionpron.org%253A444%252Fannounce%26tr%3Dudp%253A%252F%252Fopen.demonii.com%253A1337</url><id>cat_10553356</id>
</item>


cat_10553355

<item>
240.96<title>[JoyMii] Sicilia (Erotic Massage / 04.24.2015)</title><url>magnet%3A%3Fxt%3Durn%3Abtih%3A4B1116863BF060AAC47CE66AFC43BE506D79371B%26dn%3Djoymii%2Bsicilia%2Berotic%2Bmassage%2B04%2B24%2B2015%26tr%3Dhttp%253A%252F%252Fbt.unionpron.org%253A444%252Fannounce%26tr%3Dudp%253A%252F%252Fopen.demonii.com%253A1337</url><id>cat_10553355</id>
</item>


cat_10553304

<item>
718.65<title>[ZZSeries] Diamond Foxxx (Vice City Vacation: Part One / 04.24.2015)</title><url>magnet%3A%3Fxt%3Durn%3Abtih%3AB203254A8954E293EA1E01040861B526DABC6C20%26dn%3Dzzseries%2Bdiamond%2Bfoxxx%2Bvice%2Bcity%2Bvacation%2Bpart%2Bone%2B04%2B24%2B2015%26tr%3Dhttp%253A%252F%252Fbt.unionpron.org%253A444%252Fannounce%26tr%3Dudp%253A%252F%252Fopen.demonii.com%253A1337</url><id>cat_10553304</id>
</item>


cat_10553301

<item>
377.01<title>[HotAndMean] Ariana Marie, Jenna Sativa, Samantha Rone (I Think We Should Bang Other People: Part Two / 04.24.2015)</title><url>magnet%3A%3Fxt%3Durn%3Abtih%3A724BCDE78F8252C2CB4D3B5A777FEDED02310EC1%26dn%3Dhotandmean%2Bariana%2Bmarie%2Bjenna%2Bsativa%2Bsamantha%2Brone%2Bi%2Bthink%2Bwe%2Bshould%2Bbang%2Bother%2Bpeople%2Bpart%2Btwo%2B04%2B24%2B2015%26tr%3Dudp%253A%252F%252Ftracker4.piratux.com%253A6969%252Fannounce%26tr%3Dudp%253A%252F%252Fopen.demonii.com%253A1337</url><id>cat_10553301</id>
</item>


cat_10553241

<item>
430.81<title>[X-Art] Lisa (Dripping Pleasures / 04.24.2015)</title><url>magnet%3A%3Fxt%3Durn%3Abtih%3A448A9EEE399BE6709E5BF555967598A796AA1B99%26dn%3Dx%2Bart%2Blisa%2Bdripping%2Bpleasures%2B04%2B24%2B2015%26tr%3Dudp%253A%252F%252Ftracker4.piratux.com%253A6969%252Fannounce%26tr%3Dudp%253A%252F%252Fopen.demonii.com%253A1337</url><id>cat_10553241</id>
</item>


cat_10553240

<item>
146.21<title>[X-Art] Lisa (Dripping Pleasures / 04.24.2015)</title><url>magnet%3A%3Fxt%3Durn%3Abtih%3A27A90E3D64CD34C9C8DBF5EF27937D6232A37D5A%26dn%3Dx%2Bart%2Blisa%2Bdripping%2Bpleasures%2B04%2B24%2B2015%26tr%3Dudp%253A%252F%252Ftracker4.piratux.com%253A6969%252Fannounce%26tr%3Dudp%253A%252F%252Fopen.demonii.com%253A1337</url><id>cat_10553240</id>
</item>


cat_10553239

<item>
94.430<title>[X-Art] Lisa (Dripping Pleasures / 04.24.2015)</title><url>magnet%3A%3Fxt%3Durn%3Abtih%3A7715273E45993CC4A0D275723835157A81435B9A%26dn%3Dx%2Bart%2Blisa%2Bdripping%2Bpleasures%2B04%2B24%2B2015%26tr%3Dhttp%253A%252F%252Fbt.unionpron.org%253A444%252Fannounce%26tr%3Dudp%253A%252F%252Fopen.demonii.com%253A1337</url><id>cat_10553239</id>
</item>


cat_10553238

<item>
240.08<title>[HandsOnHardcore] Stacey Saran, Lynna Nilsson (Let&#039;s Get The Hottie Started Part 3 / 19782 / 04.24.2015)</title><url>magnet%3A%3Fxt%3Durn%3Abtih%3A522E612D6881D38957EFFDBBBA7293012DB388B6%26dn%3Dhandsonhardcore%2Bstacey%2Bsaran%2Blynna%2Bnilsson%2Blet%2Bs%2Bget%2Bthe%2Bhottie%2Bstarted%2Bpart%2B3%2B19782%2B04%2B24%2B2015%26tr%3Dhttp%253A%252F%252Fbt.unionpron.org%253A444%252Fannounce%26tr%3Dudp%253A%252F%252Fopen.demonii.com%253A1337</url><id>cat_10553238</id>
</item>


cat_10553216

<item>
812.04<title>[HandsOnHardcore] Stacey Saran, Lynna Nilsson (Let&#039;s Get The Hottie Started Part 3 / 19782 / 04.24.2015)</title><url>magnet%3A%3Fxt%3Durn%3Abtih%3A1592BB06A0197AF8B1B7EDA497F56D95C8D1ECF3%26dn%3Dhandsonhardcore%2Bstacey%2Bsaran%2Blynna%2Bnilsson%2Blet%2Bs%2Bget%2Bthe%2Bhottie%2Bstarted%2Bpart%2B3%2B19782%2B04%2B24%2B2015%26tr%3Dhttp%253A%252F%252Fbt.unionpron.org%253A444%252Fannounce%26tr%3Dudp%253A%252F%252Fopen.demonii.com%253A1337</url><id>cat_10553216</id>
</item>


cat_10553202

<item>
449.51<title>[8thStreetLatinas] Mia Pearl (Thick Thighs / 04.24.2015)</title><url>magnet%3A%3Fxt%3Durn%3Abtih%3A62C29A02EF4A9709A88752A7ECA2C2416073D025%26dn%3D8thstreetlatinas%2Bmia%2Bpearl%2Bthick%2Bthighs%2B04%2B24%2B2015%26tr%3Dhttp%253A%252F%252Fbt.unionpron.org%253A444%252Fannounce%26tr%3Dudp%253A%252F%252Fopen.demonii.com%253A1337</url><id>cat_10553202</id>
</item>


cat_10553201

<item>
438.74<title>[RoundAndBrown] Peyton Rain (Booty Work / 04.24.2015)</title><url>magnet%3A%3Fxt%3Durn%3Abtih%3A2422BD52C58ACA33CCFEE7B58B213869FDA6CC11%26dn%3Droundandbrown%2Bpeyton%2Brain%2Bbooty%2Bwork%2B04%2B24%2B2015%26tr%3Dhttp%253A%252F%252Fbt.unionpron.org%253A444%252Fannounce%26tr%3Dudp%253A%252F%252Fopen.demonii.com%253A1337</url><id>cat_10553201</id>
</item>


cat_10553186

<item>
332.78<title>[EroticaX] Alli Rae (A dream of desire / 04.24.2015)</title><url>magnet%3A%3Fxt%3Durn%3Abtih%3A7F6433F1B00F067095D3831FDCA3388CA2F415C4%26dn%3Deroticax%2Balli%2Brae%2Ba%2Bdream%2Bof%2Bdesire%2B04%2B24%2B2015%26tr%3Dhttp%253A%252F%252Fbt.unionpron.org%253A444%252Fannounce%26tr%3Dudp%253A%252F%252Fopen.demonii.com%253A1337</url><id>cat_10553186</id>
</item>


cat_10553164

<item>
281.71<title>[RealSlutParty] Ada Sanchez, Carrie Brooks (Blindfolded Babes Show Oral Skills / 04.24.2015)</title><url>magnet%3A%3Fxt%3Durn%3Abtih%3A3626496573F8073F9532C144CDA46B5A459AF836%26dn%3Drealslutparty%2Bada%2Bsanchez%2Bcarrie%2Bbrooks%2Bblindfolded%2Bbabes%2Bshow%2Boral%2Bskills%2B04%2B24%2B2015%26tr%3Dhttp%253A%252F%252Fbt.unionpron.org%253A444%252Fannounce%26tr%3Dudp%253A%252F%252Fopen.demonii.com%253A1337</url><id>cat_10553164</id>
</item>


cat_10553159

<item>
383.27<title>[ZZSeries] Diamond Foxxx (Vice City Vacation: Part One / 04.24.2015)</title><url>magnet%3A%3Fxt%3Durn%3Abtih%3A70E1E96D3787DA202D7FE8F329A8EA9B696E9D06%26dn%3Dzzseries%2Bdiamond%2Bfoxxx%2Bvice%2Bcity%2Bvacation%2Bpart%2Bone%2B04%2B24%2B2015%26tr%3Dhttp%253A%252F%252Fbt.unionpron.org%253A444%252Fannounce%26tr%3Dudp%253A%252F%252Fopen.demonii.com%253A1337</url><id>cat_10553159</id>
</item>


cat_10553154

<item>
201.22<title>[HotAndMean] Ariana Marie, Jenna Sativa, Samantha Rone (I Think We Should Bang Other People: Part Two / 04.24.2015)</title><url>magnet%3A%3Fxt%3Durn%3Abtih%3A4B0F173B28684304BDC5640DB3D2E2FFEF54816E%26dn%3Dhotandmean%2Bariana%2Bmarie%2Bjenna%2Bsativa%2Bsamantha%2Brone%2Bi%2Bthink%2Bwe%2Bshould%2Bbang%2Bother%2Bpeople%2Bpart%2Btwo%2B04%2B24%2B2015%26tr%3Dudp%253A%252F%252Ftracker4.piratux.com%253A6969%252Fannounce%26tr%3Dudp%253A%252F%252Fopen.demonii.com%253A1337</url><id>cat_10553154</id>
</item>


cat_10553051

<item>
561.39<title>[18YearsOld] Alice March (Stretched Out / 04.24.2015)</title><url>magnet%3A%3Fxt%3Durn%3Abtih%3AC0CDA78777D6A4CDBC445BF6DE08FF8B17061377%26dn%3D18yearsold%2Balice%2Bmarch%2Bstretched%2Bout%2B04%2B24%2B2015%26tr%3Dudp%253A%252F%252Fopen.demonii.com%253A1337%252Fannounce</url><id>cat_10553051</id>
</item>


cat_10553046

<item>
286.26<title>[18YearsOld] Alice March (Stretched Out / 04.24.2015)</title><url>magnet%3A%3Fxt%3Durn%3Abtih%3AC2D2DAE75F9E0CA672BC92571932A943E316A76A%26dn%3D18yearsold%2Balice%2Bmarch%2Bstretched%2Bout%2B04%2B24%2B2015%26tr%3Dudp%253A%252F%252Ftracker4.piratux.com%253A6969%252Fannounce%26tr%3Dudp%253A%252F%252Fopen.demonii.com%253A1337</url><id>cat_10553046</id>
</item>


cat_10553028

<item>
359.98<title>[BurningAngel] Sierra Cure (Sierras Torn Stockings / 04.23.2015)</title><url>magnet%3A%3Fxt%3Durn%3Abtih%3A3217D6415CBF5A9501A8486963AE6B740BB393EA%26dn%3Dburningangel%2Bsierra%2Bcure%2Bsierras%2Btorn%2Bstockings%2B04%2B23%2B2015%26tr%3Dudp%253A%252F%252Ftracker4.piratux.com%253A6969%252Fannounce%26tr%3Dudp%253A%252F%252Fopen.demonii.com%253A1337</url><id>cat_10553028</id>
</item>


cat_10552984

<item>
191.46<title>[InterracialBlowbang] Cindy Lou (04.23.2015)</title><url>magnet%3A%3Fxt%3Durn%3Abtih%3A2A7166F1878412A02A14BC144AC13AA633F80100%26dn%3Dinterracialblowbang%2Bcindy%2Blou%2B04%2B23%2B2015%26tr%3Dudp%253A%252F%252Ftracker4.piratux.com%253A6969%252Fannounce%26tr%3Dudp%253A%252F%252Fopen.demonii.com%253A1337</url><id>cat_10552984</id>
</item>


cat_10552970

<item>
266.57<title>ChocolateBJs - Feminine Beauties Yasmine DeLeon, Sadie Santana Suck Dick</title><url>magnet%3A%3Fxt%3Durn%3Abtih%3A4E18676206BF1AEA1D72A93DB2CA69887DD23FDA%26dn%3Dchocolatebjs%2Bfeminine%2Bbeauties%2Byasmine%2Bdeleon%2Bsadie%2Bsantana%2Bsuck%2Bdick%26tr%3Dudp%253A%252F%252Ftracker4.piratux.com%253A6969%252Fannounce%26tr%3Dudp%253A%252F%252Fopen.demonii.com%253A1337</url><id>cat_10552970</id>
</item>


cat_10549122

<item>
346.64<title>MomXXX - Erica, Charlotta - Innocence and Experience</title><url>magnet%3A%3Fxt%3Durn%3Abtih%3A2BC0D61DCAD02F8FC7BBB784580EAF626A45366B%26dn%3Dmomxxx%2Berica%2Bcharlotta%2Binnocence%2Band%2Bexperience%26tr%3Dudp%253A%252F%252Ftracker4.piratux.com%253A6969%252Fannounce%26tr%3Dudp%253A%252F%252Fopen.demonii.com%253A1337</url><id>cat_10549122</id>
</item>


