<?xml version="1.0" encoding="UTF-8" standalone="yes"?>
<addon id="repository.kodi-mexico" name="Kodi official by Jor-El" version="1.5.4" provider-name="Jor-El">
<requires>
    <import addon="xbmc.python" version="2.1.0"/>
    <import addon="script.module.beautifulsoup" version="3.2.1"/>
    <import addon="script.module.simple.downloader" version="0.9.4"/>
    <import addon="script.module.beautifulsoup4" />
    <import addon="script.module.requests" />
    <import addon="script.module.httplib2" />
    <import addon="script.module.youtube.dl" optional="true"/>
    <import addon="plugin.video.youtube" optional="true" />
    <import addon="script.module.urlresolver" optional="true"/>
    <import addon="script.module.simplejson" />
	<import addon="script.module.livestreamer" optional="true"/>
  </requires>
<extension point="xbmc.python.pluginsource" library="default.py">
    <provides>video</provides>
  </extension>
	<extension point="xbmc.addon.repository" name="Kodi-Mexico official Repo">
		<info compressed="false">https://raw.githubusercontent.com/joalcota86/NuevoRepositorio/master/docshadrach.repository-master/addons.xml</info>
		<checksum>https://raw.github.com/joalcota86/NuevoRepositorio/master/addons.xml.md5</checksum>
		<datadir zip="true">https://raw.github.com/joalcota86/NuevoRepositorio/master</datadir>
	</extension>
	<extension point="xbmc.addon.metadata">
		<summary>Kodi official by Jor-El</summary>
   		<description lang="en">Instala los Addons para probar. Lista de canales agregados por Jor-El</description>
		<disclaimer></disclaimer>
		<platform>all</platform>
	</extension>
</addon>