718.80
<item>
<name>Vice City Vacation: Part One</name>
<thumb>http://i2.bzpics.com/scenes/8759/mem1.jpg</thumb>
<size>718.80</size>
<tags>['Anal', 'MILF', 'Bubble Butt', 'Brunette', 'Mom', 'Wife', 'Big Tits']</tags>
<secc>ZZ Series</secc>
</item>


377.01
<item>
<name>I Think We Should Bang Other People: Part Two</name>
<thumb>http://i0.bzpics.com/scenes/8850/mem1.jpg</thumb>
<size>377.01</size>
<tags>['Lesbian', 'Latina', 'Natural Tits', 'Blonde', 'Brunette', 'Threesome', 'Feet', 'Sex Toys', 'Ass Worship']</tags>
<secc>Hot And Mean</secc>
</item>


438.32
<item>
<name>This Young Slut</name>
<thumb>http://i2.bzpics.com/scenes/8620/mem1.jpg</thumb>
<size>438.32</size>
<tags>['Gonzo', 'Bubble Butt', 'Blonde', 'Squirt', 'Big Tits', 'Big Tits Worship']</tags>
<secc>Baby Got Boobs</secc>
</item>


