cat_10554204

<item>
415.46<title>DigitalPlayground - Peta Jensen - The Man With The Golden Love Gun</title><url>magnet%3A%3Fxt%3Durn%3Abtih%3A875BB0D30481A01076F387CDE42454319B1315C2%26dn%3Ddigitalplayground%2Bpeta%2Bjensen%2Bthe%2Bman%2Bwith%2Bthe%2Bgolden%2Blove%2Bgun%26tr%3Dudp%253A%252F%252Ftracker4.piratux.com%253A6969%252Fannounce%26tr%3Dudp%253A%252F%252Fopen.demonii.com%253A1337</url><id>cat_10554204</id>
</item>


cat_10554182

<item>
312.20<title>[TonightsGirlfriend] Cassidy Klein (04.24.2015)</title><url>magnet%3A%3Fxt%3Durn%3Abtih%3AA4B92656D5EAD8A4B3BA9F04CB9CE57A760041D2%26dn%3Dtonightsgirlfriend%2Bcassidy%2Bklein%2B04%2B24%2B2015%26tr%3Dudp%253A%252F%252Ftracker4.piratux.com%253A6969%252Fannounce%26tr%3Dudp%253A%252F%252Fopen.demonii.com%253A1337</url><id>cat_10554182</id>
</item>


cat_10554151

<item>
253.61<title>[DDFBusty] Lucie Wilde, Kyra Hot (Stacked Stress Busters!)</title><url>magnet%3A%3Fxt%3Durn%3Abtih%3AD7EDF670C4F49449B4ADABF06499C5E0107137A2%26dn%3Dddfbusty%2Blucie%2Bwilde%2Bkyra%2Bhot%2Bstacked%2Bstress%2Bbusters%26tr%3Dudp%253A%252F%252Ftracker4.piratux.com%253A6969%252Fannounce%26tr%3Dudp%253A%252F%252Fopen.demonii.com%253A1337</url><id>cat_10554151</id>
</item>


cat_10554059

<item>
852.41<title>[TonightsGirlfriend] Cassidy Klein (04.24.2015)</title><url>magnet%3A%3Fxt%3Durn%3Abtih%3A9B2DA0093749FF83FBAC281927D7DC0300782364%26dn%3Dtonightsgirlfriend%2Bcassidy%2Bklein%2B04%2B24%2B2015%26tr%3Dudp%253A%252F%252Ftracker4.piratux.com%253A6969%252Fannounce%26tr%3Dudp%253A%252F%252Fopen.demonii.com%253A1337</url><id>cat_10554059</id>
</item>


cat_10554038

<item>
198.58<title>TeenPies - London Lynn - Londons First Creampie</title><url>magnet%3A%3Fxt%3Durn%3Abtih%3A3074701D71D0304FC12FD1261F6CE407B9D480CC%26dn%3Dteenpies%2Blondon%2Blynn%2Blondons%2Bfirst%2Bcreampie%26tr%3Dudp%253A%252F%252Ftracker4.piratux.com%253A6969%252Fannounce%26tr%3Dudp%253A%252F%252Fopen.demonii.com%253A1337</url><id>cat_10554038</id>
</item>


cat_10553780

<item>
258.87<title>[HardX] Marley Brinx (Marley Brinx In &#039;Total Anal Hottie&#039; / 04.24.2015)</title><url>magnet%3A%3Fxt%3Durn%3Abtih%3AD5425054378F71F4094DCE15677B4D135D3C7F1B%26dn%3Dhardx%2Bmarley%2Bbrinx%2Bmarley%2Bbrinx%2Bin%2Btotal%2Banal%2Bhottie%2B04%2B24%2B2015%26tr%3Dudp%253A%252F%252Ftracker4.piratux.com%253A6969%252Fannounce%26tr%3Dudp%253A%252F%252Fopen.demonii.com%253A1337</url><id>cat_10553780</id>
</item>


cat_10553707

<item>
806.17<title>I Love My Daddy (NEW 2015 Taboo Heat) [WebDL]</title><url>magnet%3A%3Fxt%3Durn%3Abtih%3A8BEF8E04DA4B9C52CF7525B53AE876E549491975%26dn%3Di%2Blove%2Bmy%2Bdaddy%2Bnew%2B2015%2Btaboo%2Bheat%2Bwebdl%26tr%3Dudp%253A%252F%252Ftracker4.piratux.com%253A6969%252Fannounce%26tr%3Dudp%253A%252F%252Fopen.demonii.com%253A1337</url><id>cat_10553707</id>
</item>


cat_10553491

<item>
385.06<title>[NuruMassage] Julia Ann (I&#039;ve Always Dreamt Of This / 04.24.2015)</title><url>magnet%3A%3Fxt%3Durn%3Abtih%3A2692F6BF293B5BE4958785179A0370213675F90A%26dn%3Dnurumassage%2Bjulia%2Bann%2Bi%2Bve%2Balways%2Bdreamt%2Bof%2Bthis%2B04%2B24%2B2015%26tr%3Dhttp%253A%252F%252Fbt.unionpron.org%253A444%252Fannounce%26tr%3Dudp%253A%252F%252Fopen.demonii.com%253A1337</url><id>cat_10553491</id>
</item>


cat_10553488

<item>
576.85<title>[MassageRooms] Alexis Crystal aka Anouk (Alexis on Thomas / mr1380 / 04.24.2015)</title><url>magnet%3A%3Fxt%3Durn%3Abtih%3A0802B4E197F1513BFE93DDD2C92B0373D8F88153%26dn%3Dmassagerooms%2Balexis%2Bcrystal%2Baka%2Banouk%2Balexis%2Bon%2Bthomas%2Bmr1380%2B04%2B24%2B2015%26tr%3Dhttp%253A%252F%252Fbt.unionpron.org%253A444%252Fannounce%26tr%3Dudp%253A%252F%252Fopen.demonii.com%253A1337</url><id>cat_10553488</id>
</item>


cat_10553486

<item>
326.66<title>[MassageRooms] Alexis Crystal aka Anouk (Alexis on Thomas / mr1380 / 04.24.2015)</title><url>magnet%3A%3Fxt%3Durn%3Abtih%3A095E4904BA50DC9BB894E2A8384CF05F8CBFE9B8%26dn%3Dmassagerooms%2Balexis%2Bcrystal%2Baka%2Banouk%2Balexis%2Bon%2Bthomas%2Bmr1380%2B04%2B24%2B2015%26tr%3Dhttp%253A%252F%252Fbt.unionpron.org%253A444%252Fannounce%26tr%3Dudp%253A%252F%252Fopen.demonii.com%253A1337</url><id>cat_10553486</id>
</item>


cat_10553429

<item>
533.08<title>[AmericanDayDreams] Dana DeArmond (19545 / 04.24.2015)</title><url>magnet%3A%3Fxt%3Durn%3Abtih%3A760745BC48025F78B995CC45E214B521E5E55CEA%26dn%3Damericandaydreams%2Bdana%2Bdearmond%2B19545%2B04%2B24%2B2015%26tr%3Dhttp%253A%252F%252Fbt.unionpron.org%253A444%252Fannounce%26tr%3Dudp%253A%252F%252Fopen.demonii.com%253A1337</url><id>cat_10553429</id>
</item>


cat_10553418

<item>
195.34<title>[AmericanDayDreams] Dana DeArmond (19545 / 04.24.2015)</title><url>magnet%3A%3Fxt%3Durn%3Abtih%3AF03C240E8AD89DF36FC1BAD8BC392620BB046023%26dn%3Damericandaydreams%2Bdana%2Bdearmond%2B19545%2B04%2B24%2B2015%26tr%3Dhttp%253A%252F%252Fbt.unionpron.org%253A444%252Fannounce%26tr%3Dudp%253A%252F%252Fopen.demonii.com%253A1337</url><id>cat_10553418</id>
</item>


cat_10553402

<item>
533.61<title>[DiaryOfANanny] Rahyndee James (19549 / 04.24.2015)</title><url>magnet%3A%3Fxt%3Durn%3Abtih%3AF634E843F89AB5EB8461A07D67568B1BD2064BBB%26dn%3Ddiaryofananny%2Brahyndee%2Bjames%2B19549%2B04%2B24%2B2015%26tr%3Dhttp%253A%252F%252Fbt.unionpron.org%253A444%252Fannounce%26tr%3Dudp%253A%252F%252Fopen.demonii.com%253A1337</url><id>cat_10553402</id>
</item>


cat_10553401

<item>
193.52<title>[DiaryOfANanny] Rahyndee James (19549 / 04.24.2015)</title><url>magnet%3A%3Fxt%3Durn%3Abtih%3A0D5B9F8BF469175ABE20E8C8DA50E49A27EA26F4%26dn%3Ddiaryofananny%2Brahyndee%2Bjames%2B19549%2B04%2B24%2B2015%26tr%3Dhttp%253A%252F%252Fbt.unionpron.org%253A444%252Fannounce%26tr%3Dudp%253A%252F%252Fopen.demonii.com%253A1337</url><id>cat_10553401</id>
</item>


cat_10553370

<item>
592.39<title>[MyFriendsHotMom] Diamond Foxxx, Marsha May (19527 / 04.24.2015)</title><url>magnet%3A%3Fxt%3Durn%3Abtih%3A68B8F0C1CE8491FBBDD8F36295D0B4758431AD62%26dn%3Dmyfriendshotmom%2Bdiamond%2Bfoxxx%2Bmarsha%2Bmay%2B19527%2B04%2B24%2B2015%26tr%3Dhttp%253A%252F%252Fbt.unionpron.org%253A444%252Fannounce%26tr%3Dudp%253A%252F%252Fopen.demonii.com%253A1337</url><id>cat_10553370</id>
</item>


cat_10553366

<item>
214.62<title>[MyFriendsHotMom] Diamond Foxxx, Marsha May (19527 / 04.24.2015)</title><url>magnet%3A%3Fxt%3Durn%3Abtih%3A1911C26D929749FBE4E257CA9EB58CEC98911972%26dn%3Dmyfriendshotmom%2Bdiamond%2Bfoxxx%2Bmarsha%2Bmay%2B19527%2B04%2B24%2B2015%26tr%3Dhttp%253A%252F%252Fbt.unionpron.org%253A444%252Fannounce%26tr%3Dudp%253A%252F%252Fopen.demonii.com%253A1337</url><id>cat_10553366</id>
</item>


cat_10553357

<item>
886.08<title>[JoyMii] Sicilia (Erotic Massage / 04.24.2015)</title><url>magnet%3A%3Fxt%3Durn%3Abtih%3AF4907009B345216BAB31FD00CFDAFFECEDA2E1BD%26dn%3Djoymii%2Bsicilia%2Berotic%2Bmassage%2B04%2B24%2B2015%26tr%3Dhttp%253A%252F%252Fbt.unionpron.org%253A444%252Fannounce%26tr%3Dudp%253A%252F%252Fopen.demonii.com%253A1337</url><id>cat_10553357</id>
</item>


cat_10553356

<item>
463.05<title>[JoyMii] Sicilia (Erotic Massage / 04.24.2015)</title><url>magnet%3A%3Fxt%3Durn%3Abtih%3A9740D9F1FE704B0457679A48BD5A225D8EA11B85%26dn%3Djoymii%2Bsicilia%2Berotic%2Bmassage%2B04%2B24%2B2015%26tr%3Dhttp%253A%252F%252Fbt.unionpron.org%253A444%252Fannounce%26tr%3Dudp%253A%252F%252Fopen.demonii.com%253A1337</url><id>cat_10553356</id>
</item>


cat_10553355

<item>
240.96<title>[JoyMii] Sicilia (Erotic Massage / 04.24.2015)</title><url>magnet%3A%3Fxt%3Durn%3Abtih%3A4B1116863BF060AAC47CE66AFC43BE506D79371B%26dn%3Djoymii%2Bsicilia%2Berotic%2Bmassage%2B04%2B24%2B2015%26tr%3Dhttp%253A%252F%252Fbt.unionpron.org%253A444%252Fannounce%26tr%3Dudp%253A%252F%252Fopen.demonii.com%253A1337</url><id>cat_10553355</id>
</item>


cat_10553304

<item>
718.65<title>[ZZSeries] Diamond Foxxx (Vice City Vacation: Part One / 04.24.2015)</title><url>magnet%3A%3Fxt%3Durn%3Abtih%3AB203254A8954E293EA1E01040861B526DABC6C20%26dn%3Dzzseries%2Bdiamond%2Bfoxxx%2Bvice%2Bcity%2Bvacation%2Bpart%2Bone%2B04%2B24%2B2015%26tr%3Dhttp%253A%252F%252Fbt.unionpron.org%253A444%252Fannounce%26tr%3Dudp%253A%252F%252Fopen.demonii.com%253A1337</url><id>cat_10553304</id>
</item>


cat_10553301

<item>
377.01<title>[HotAndMean] Ariana Marie, Jenna Sativa, Samantha Rone (I Think We Should Bang Other People: Part Two / 04.24.2015)</title><url>magnet%3A%3Fxt%3Durn%3Abtih%3A724BCDE78F8252C2CB4D3B5A777FEDED02310EC1%26dn%3Dhotandmean%2Bariana%2Bmarie%2Bjenna%2Bsativa%2Bsamantha%2Brone%2Bi%2Bthink%2Bwe%2Bshould%2Bbang%2Bother%2Bpeople%2Bpart%2Btwo%2B04%2B24%2B2015%26tr%3Dudp%253A%252F%252Ftracker4.piratux.com%253A6969%252Fannounce%26tr%3Dudp%253A%252F%252Fopen.demonii.com%253A1337</url><id>cat_10553301</id>
</item>


cat_10553241

<item>
430.81<title>[X-Art] Lisa (Dripping Pleasures / 04.24.2015)</title><url>magnet%3A%3Fxt%3Durn%3Abtih%3A448A9EEE399BE6709E5BF555967598A796AA1B99%26dn%3Dx%2Bart%2Blisa%2Bdripping%2Bpleasures%2B04%2B24%2B2015%26tr%3Dudp%253A%252F%252Ftracker4.piratux.com%253A6969%252Fannounce%26tr%3Dudp%253A%252F%252Fopen.demonii.com%253A1337</url><id>cat_10553241</id>
</item>


cat_10553240

<item>
146.21<title>[X-Art] Lisa (Dripping Pleasures / 04.24.2015)</title><url>magnet%3A%3Fxt%3Durn%3Abtih%3A27A90E3D64CD34C9C8DBF5EF27937D6232A37D5A%26dn%3Dx%2Bart%2Blisa%2Bdripping%2Bpleasures%2B04%2B24%2B2015%26tr%3Dudp%253A%252F%252Ftracker4.piratux.com%253A6969%252Fannounce%26tr%3Dudp%253A%252F%252Fopen.demonii.com%253A1337</url><id>cat_10553240</id>
</item>


cat_10553239

<item>
94.430<title>[X-Art] Lisa (Dripping Pleasures / 04.24.2015)</title><url>magnet%3A%3Fxt%3Durn%3Abtih%3A7715273E45993CC4A0D275723835157A81435B9A%26dn%3Dx%2Bart%2Blisa%2Bdripping%2Bpleasures%2B04%2B24%2B2015%26tr%3Dhttp%253A%252F%252Fbt.unionpron.org%253A444%252Fannounce%26tr%3Dudp%253A%252F%252Fopen.demonii.com%253A1337</url><id>cat_10553239</id>
</item>


cat_10553238

<item>
240.08<title>[HandsOnHardcore] Stacey Saran, Lynna Nilsson (Let&#039;s Get The Hottie Started Part 3 / 19782 / 04.24.2015)</title><url>magnet%3A%3Fxt%3Durn%3Abtih%3A522E612D6881D38957EFFDBBBA7293012DB388B6%26dn%3Dhandsonhardcore%2Bstacey%2Bsaran%2Blynna%2Bnilsson%2Blet%2Bs%2Bget%2Bthe%2Bhottie%2Bstarted%2Bpart%2B3%2B19782%2B04%2B24%2B2015%26tr%3Dhttp%253A%252F%252Fbt.unionpron.org%253A444%252Fannounce%26tr%3Dudp%253A%252F%252Fopen.demonii.com%253A1337</url><id>cat_10553238</id>
</item>


cat_10553216

<item>
812.04<title>[HandsOnHardcore] Stacey Saran, Lynna Nilsson (Let&#039;s Get The Hottie Started Part 3 / 19782 / 04.24.2015)</title><url>magnet%3A%3Fxt%3Durn%3Abtih%3A1592BB06A0197AF8B1B7EDA497F56D95C8D1ECF3%26dn%3Dhandsonhardcore%2Bstacey%2Bsaran%2Blynna%2Bnilsson%2Blet%2Bs%2Bget%2Bthe%2Bhottie%2Bstarted%2Bpart%2B3%2B19782%2B04%2B24%2B2015%26tr%3Dhttp%253A%252F%252Fbt.unionpron.org%253A444%252Fannounce%26tr%3Dudp%253A%252F%252Fopen.demonii.com%253A1337</url><id>cat_10553216</id>
</item>


cat_10553202

<item>
449.51<title>[8thStreetLatinas] Mia Pearl (Thick Thighs / 04.24.2015)</title><url>magnet%3A%3Fxt%3Durn%3Abtih%3A62C29A02EF4A9709A88752A7ECA2C2416073D025%26dn%3D8thstreetlatinas%2Bmia%2Bpearl%2Bthick%2Bthighs%2B04%2B24%2B2015%26tr%3Dhttp%253A%252F%252Fbt.unionpron.org%253A444%252Fannounce%26tr%3Dudp%253A%252F%252Fopen.demonii.com%253A1337</url><id>cat_10553202</id>
</item>


cat_10553201

<item>
438.74<title>[RoundAndBrown] Peyton Rain (Booty Work / 04.24.2015)</title><url>magnet%3A%3Fxt%3Durn%3Abtih%3A2422BD52C58ACA33CCFEE7B58B213869FDA6CC11%26dn%3Droundandbrown%2Bpeyton%2Brain%2Bbooty%2Bwork%2B04%2B24%2B2015%26tr%3Dhttp%253A%252F%252Fbt.unionpron.org%253A444%252Fannounce%26tr%3Dudp%253A%252F%252Fopen.demonii.com%253A1337</url><id>cat_10553201</id>
</item>


cat_10553186

<item>
332.78<title>[EroticaX] Alli Rae (A dream of desire / 04.24.2015)</title><url>magnet%3A%3Fxt%3Durn%3Abtih%3A7F6433F1B00F067095D3831FDCA3388CA2F415C4%26dn%3Deroticax%2Balli%2Brae%2Ba%2Bdream%2Bof%2Bdesire%2B04%2B24%2B2015%26tr%3Dhttp%253A%252F%252Fbt.unionpron.org%253A444%252Fannounce%26tr%3Dudp%253A%252F%252Fopen.demonii.com%253A1337</url><id>cat_10553186</id>
</item>


cat_10553164

<item>
281.71<title>[RealSlutParty] Ada Sanchez, Carrie Brooks (Blindfolded Babes Show Oral Skills / 04.24.2015)</title><url>magnet%3A%3Fxt%3Durn%3Abtih%3A3626496573F8073F9532C144CDA46B5A459AF836%26dn%3Drealslutparty%2Bada%2Bsanchez%2Bcarrie%2Bbrooks%2Bblindfolded%2Bbabes%2Bshow%2Boral%2Bskills%2B04%2B24%2B2015%26tr%3Dhttp%253A%252F%252Fbt.unionpron.org%253A444%252Fannounce%26tr%3Dudp%253A%252F%252Fopen.demonii.com%253A1337</url><id>cat_10553164</id>
</item>


cat_10553159

<item>
383.27<title>[ZZSeries] Diamond Foxxx (Vice City Vacation: Part One / 04.24.2015)</title><url>magnet%3A%3Fxt%3Durn%3Abtih%3A70E1E96D3787DA202D7FE8F329A8EA9B696E9D06%26dn%3Dzzseries%2Bdiamond%2Bfoxxx%2Bvice%2Bcity%2Bvacation%2Bpart%2Bone%2B04%2B24%2B2015%26tr%3Dhttp%253A%252F%252Fbt.unionpron.org%253A444%252Fannounce%26tr%3Dudp%253A%252F%252Fopen.demonii.com%253A1337</url><id>cat_10553159</id>
</item>


cat_10553154

<item>
201.22<title>[HotAndMean] Ariana Marie, Jenna Sativa, Samantha Rone (I Think We Should Bang Other People: Part Two / 04.24.2015)</title><url>magnet%3A%3Fxt%3Durn%3Abtih%3A4B0F173B28684304BDC5640DB3D2E2FFEF54816E%26dn%3Dhotandmean%2Bariana%2Bmarie%2Bjenna%2Bsativa%2Bsamantha%2Brone%2Bi%2Bthink%2Bwe%2Bshould%2Bbang%2Bother%2Bpeople%2Bpart%2Btwo%2B04%2B24%2B2015%26tr%3Dudp%253A%252F%252Ftracker4.piratux.com%253A6969%252Fannounce%26tr%3Dudp%253A%252F%252Fopen.demonii.com%253A1337</url><id>cat_10553154</id>
</item>


cat_10553051

<item>
561.39<title>[18YearsOld] Alice March (Stretched Out / 04.24.2015)</title><url>magnet%3A%3Fxt%3Durn%3Abtih%3AC0CDA78777D6A4CDBC445BF6DE08FF8B17061377%26dn%3D18yearsold%2Balice%2Bmarch%2Bstretched%2Bout%2B04%2B24%2B2015%26tr%3Dudp%253A%252F%252Fopen.demonii.com%253A1337%252Fannounce</url><id>cat_10553051</id>
</item>


cat_10553046

<item>
286.26<title>[18YearsOld] Alice March (Stretched Out / 04.24.2015)</title><url>magnet%3A%3Fxt%3Durn%3Abtih%3AC2D2DAE75F9E0CA672BC92571932A943E316A76A%26dn%3D18yearsold%2Balice%2Bmarch%2Bstretched%2Bout%2B04%2B24%2B2015%26tr%3Dudp%253A%252F%252Ftracker4.piratux.com%253A6969%252Fannounce%26tr%3Dudp%253A%252F%252Fopen.demonii.com%253A1337</url><id>cat_10553046</id>
</item>


cat_10553028

<item>
359.98<title>[BurningAngel] Sierra Cure (Sierras Torn Stockings / 04.23.2015)</title><url>magnet%3A%3Fxt%3Durn%3Abtih%3A3217D6415CBF5A9501A8486963AE6B740BB393EA%26dn%3Dburningangel%2Bsierra%2Bcure%2Bsierras%2Btorn%2Bstockings%2B04%2B23%2B2015%26tr%3Dudp%253A%252F%252Ftracker4.piratux.com%253A6969%252Fannounce%26tr%3Dudp%253A%252F%252Fopen.demonii.com%253A1337</url><id>cat_10553028</id>
</item>


cat_10552984

<item>
191.46<title>[InterracialBlowbang] Cindy Lou (04.23.2015)</title><url>magnet%3A%3Fxt%3Durn%3Abtih%3A2A7166F1878412A02A14BC144AC13AA633F80100%26dn%3Dinterracialblowbang%2Bcindy%2Blou%2B04%2B23%2B2015%26tr%3Dudp%253A%252F%252Ftracker4.piratux.com%253A6969%252Fannounce%26tr%3Dudp%253A%252F%252Fopen.demonii.com%253A1337</url><id>cat_10552984</id>
</item>


cat_10552970

<item>
266.57<title>ChocolateBJs - Feminine Beauties Yasmine DeLeon, Sadie Santana Suck Dick</title><url>magnet%3A%3Fxt%3Durn%3Abtih%3A4E18676206BF1AEA1D72A93DB2CA69887DD23FDA%26dn%3Dchocolatebjs%2Bfeminine%2Bbeauties%2Byasmine%2Bdeleon%2Bsadie%2Bsantana%2Bsuck%2Bdick%26tr%3Dudp%253A%252F%252Ftracker4.piratux.com%253A6969%252Fannounce%26tr%3Dudp%253A%252F%252Fopen.demonii.com%253A1337</url><id>cat_10552970</id>
</item>


cat_10549122

<item>
346.64<title>MomXXX - Erica, Charlotta - Innocence and Experience</title><url>magnet%3A%3Fxt%3Durn%3Abtih%3A2BC0D61DCAD02F8FC7BBB784580EAF626A45366B%26dn%3Dmomxxx%2Berica%2Bcharlotta%2Binnocence%2Band%2Bexperience%26tr%3Dudp%253A%252F%252Ftracker4.piratux.com%253A6969%252Fannounce%26tr%3Dudp%253A%252F%252Fopen.demonii.com%253A1337</url><id>cat_10549122</id>
</item>


